Step,AgentID,pos,cars_passing
1,0,"(0.0, 0.0)",37
1,1,"(0.0, 2.5)",77
1,2,"(0.0, 5.0)",69
1,3,"(0.0, 7.5)",67
1,4,"(0.0, 10.0)",29
1,5,"(2.5, 0.0)",55
1,6,"(2.5, 2.5)",133
1,7,"(2.5, 5.0)",122
1,8,"(2.5, 7.5)",130
1,9,"(2.5, 10.0)",66
1,10,"(5.0, 0.0)",51
1,11,"(5.0, 2.5)",108
1,12,"(5.0, 5.0)",125
1,13,"(5.0, 7.5)",129
1,14,"(5.0, 10.0)",69
1,15,"(7.5, 0.0)",64
1,16,"(7.5, 2.5)",119
1,17,"(7.5, 5.0)",124
1,18,"(7.5, 7.5)",151
1,19,"(7.5, 10.0)",80
1,20,"(10.0, 0.0)",30
1,21,"(10.0, 2.5)",66
1,22,"(10.0, 5.0)",53
1,23,"(10.0, 7.5)",63
1,24,"(10.0, 10.0)",35
2,0,"(0.0, 0.0)",13
2,1,"(0.0, 2.5)",60
2,2,"(0.0, 5.0)",36
2,3,"(0.0, 7.5)",44
2,4,"(0.0, 10.0)",15
2,5,"(2.5, 0.0)",54
2,6,"(2.5, 2.5)",160
2,7,"(2.5, 5.0)",158
2,8,"(2.5, 7.5)",163
2,9,"(2.5, 10.0)",48
2,10,"(5.0, 0.0)",51
2,11,"(5.0, 2.5)",149
2,12,"(5.0, 5.0)",182
2,13,"(5.0, 7.5)",169
2,14,"(5.0, 10.0)",54
2,15,"(7.5, 0.0)",44
2,16,"(7.5, 2.5)",143
2,17,"(7.5, 5.0)",167
2,18,"(7.5, 7.5)",181
2,19,"(7.5, 10.0)",57
2,20,"(10.0, 0.0)",13
2,21,"(10.0, 2.5)",43
2,22,"(10.0, 5.0)",41
2,23,"(10.0, 7.5)",41
2,24,"(10.0, 10.0)",11
3,0,"(0.0, 0.0)",2
3,1,"(0.0, 2.5)",30
3,2,"(0.0, 5.0)",28
3,3,"(0.0, 7.5)",21
3,4,"(0.0, 10.0)",6
3,5,"(2.5, 0.0)",31
3,6,"(2.5, 2.5)",149
3,7,"(2.5, 5.0)",186
3,8,"(2.5, 7.5)",163
3,9,"(2.5, 10.0)",32
3,10,"(5.0, 0.0)",39
3,11,"(5.0, 2.5)",174
3,12,"(5.0, 5.0)",228
3,13,"(5.0, 7.5)",195
3,14,"(5.0, 10.0)",45
3,15,"(7.5, 0.0)",31
3,16,"(7.5, 2.5)",158
3,17,"(7.5, 5.0)",202
3,18,"(7.5, 7.5)",166
3,19,"(7.5, 10.0)",36
3,20,"(10.0, 0.0)",4
3,21,"(10.0, 2.5)",24
3,22,"(10.0, 5.0)",32
3,23,"(10.0, 7.5)",31
3,24,"(10.0, 10.0)",7
4,0,"(0.0, 0.0)",6
4,1,"(0.0, 2.5)",23
4,2,"(0.0, 5.0)",34
4,3,"(0.0, 7.5)",20
4,4,"(0.0, 10.0)",5
4,5,"(2.5, 0.0)",22
4,6,"(2.5, 2.5)",134
4,7,"(2.5, 5.0)",206
4,8,"(2.5, 7.5)",143
4,9,"(2.5, 10.0)",25
4,10,"(5.0, 0.0)",37
4,11,"(5.0, 2.5)",194
4,12,"(5.0, 5.0)",288
4,13,"(5.0, 7.5)",218
4,14,"(5.0, 10.0)",39
4,15,"(7.5, 0.0)",32
4,16,"(7.5, 2.5)",156
4,17,"(7.5, 5.0)",227
4,18,"(7.5, 7.5)",152
4,19,"(7.5, 10.0)",24
4,20,"(10.0, 0.0)",6
4,21,"(10.0, 2.5)",28
4,22,"(10.0, 5.0)",32
4,23,"(10.0, 7.5)",27
4,24,"(10.0, 10.0)",6
5,0,"(0.0, 0.0)",7
5,1,"(0.0, 2.5)",28
5,2,"(0.0, 5.0)",38
5,3,"(0.0, 7.5)",21
5,4,"(0.0, 10.0)",5
5,5,"(2.5, 0.0)",22
5,6,"(2.5, 2.5)",119
5,7,"(2.5, 5.0)",198
5,8,"(2.5, 7.5)",100
5,9,"(2.5, 10.0)",17
5,10,"(5.0, 0.0)",37
5,11,"(5.0, 2.5)",209
5,12,"(5.0, 5.0)",356
5,13,"(5.0, 7.5)",218
5,14,"(5.0, 10.0)",44
5,15,"(7.5, 0.0)",30
5,16,"(7.5, 2.5)",148
5,17,"(7.5, 5.0)",228
5,18,"(7.5, 7.5)",126
5,19,"(7.5, 10.0)",22
5,20,"(10.0, 0.0)",11
5,21,"(10.0, 2.5)",28
5,22,"(10.0, 5.0)",45
5,23,"(10.0, 7.5)",27
5,24,"(10.0, 10.0)",10
6,0,"(0.0, 0.0)",9
6,1,"(0.0, 2.5)",28
6,2,"(0.0, 5.0)",35
6,3,"(0.0, 7.5)",23
6,4,"(0.0, 10.0)",6
6,5,"(2.5, 0.0)",28
6,6,"(2.5, 2.5)",116
6,7,"(2.5, 5.0)",186
6,8,"(2.5, 7.5)",103
6,9,"(2.5, 10.0)",18
6,10,"(5.0, 0.0)",44
6,11,"(5.0, 2.5)",208
6,12,"(5.0, 5.0)",341
6,13,"(5.0, 7.5)",197
6,14,"(5.0, 10.0)",41
6,15,"(7.5, 0.0)",32
6,16,"(7.5, 2.5)",152
6,17,"(7.5, 5.0)",215
6,18,"(7.5, 7.5)",119
6,19,"(7.5, 10.0)",32
6,20,"(10.0, 0.0)",13
6,21,"(10.0, 2.5)",39
6,22,"(10.0, 5.0)",52
6,23,"(10.0, 7.5)",23
6,24,"(10.0, 10.0)",9
7,0,"(0.0, 0.0)",7
7,1,"(0.0, 2.5)",40
7,2,"(0.0, 5.0)",35
7,3,"(0.0, 7.5)",31
7,4,"(0.0, 10.0)",7
7,5,"(2.5, 0.0)",31
7,6,"(2.5, 2.5)",142
7,7,"(2.5, 5.0)",168
7,8,"(2.5, 7.5)",123
7,9,"(2.5, 10.0)",25
7,10,"(5.0, 0.0)",44
7,11,"(5.0, 2.5)",205
7,12,"(5.0, 5.0)",281
7,13,"(5.0, 7.5)",166
7,14,"(5.0, 10.0)",35
7,15,"(7.5, 0.0)",40
7,16,"(7.5, 2.5)",167
7,17,"(7.5, 5.0)",200
7,18,"(7.5, 7.5)",144
7,19,"(7.5, 10.0)",41
7,20,"(10.0, 0.0)",12
7,21,"(10.0, 2.5)",42
7,22,"(10.0, 5.0)",48
7,23,"(10.0, 7.5)",31
7,24,"(10.0, 10.0)",8
8,0,"(0.0, 0.0)",6
8,1,"(0.0, 2.5)",40
8,2,"(0.0, 5.0)",40
8,3,"(0.0, 7.5)",29
8,4,"(0.0, 10.0)",9
8,5,"(2.5, 0.0)",31
8,6,"(2.5, 2.5)",151
8,7,"(2.5, 5.0)",181
8,8,"(2.5, 7.5)",123
8,9,"(2.5, 10.0)",32
8,10,"(5.0, 0.0)",41
8,11,"(5.0, 2.5)",205
8,12,"(5.0, 5.0)",243
8,13,"(5.0, 7.5)",157
8,14,"(5.0, 10.0)",37
8,15,"(7.5, 0.0)",47
8,16,"(7.5, 2.5)",179
8,17,"(7.5, 5.0)",207
8,18,"(7.5, 7.5)",145
8,19,"(7.5, 10.0)",35
8,20,"(10.0, 0.0)",9
8,21,"(10.0, 2.5)",47
8,22,"(10.0, 5.0)",55
8,23,"(10.0, 7.5)",32
8,24,"(10.0, 10.0)",8
9,0,"(0.0, 0.0)",11
9,1,"(0.0, 2.5)",41
9,2,"(0.0, 5.0)",46
9,3,"(0.0, 7.5)",29
9,4,"(0.0, 10.0)",11
9,5,"(2.5, 0.0)",34
9,6,"(2.5, 2.5)",136
9,7,"(2.5, 5.0)",166
9,8,"(2.5, 7.5)",117
9,9,"(2.5, 10.0)",35
9,10,"(5.0, 0.0)",57
9,11,"(5.0, 2.5)",192
9,12,"(5.0, 5.0)",203
9,13,"(5.0, 7.5)",151
9,14,"(5.0, 10.0)",46
9,15,"(7.5, 0.0)",49
9,16,"(7.5, 2.5)",174
9,17,"(7.5, 5.0)",199
9,18,"(7.5, 7.5)",135
9,19,"(7.5, 10.0)",30
9,20,"(10.0, 0.0)",11
9,21,"(10.0, 2.5)",48
9,22,"(10.0, 5.0)",68
9,23,"(10.0, 7.5)",36
9,24,"(10.0, 10.0)",10
10,0,"(0.0, 0.0)",15
10,1,"(0.0, 2.5)",30
10,2,"(0.0, 5.0)",68
10,3,"(0.0, 7.5)",29
10,4,"(0.0, 10.0)",12
10,5,"(2.5, 0.0)",33
10,6,"(2.5, 2.5)",126
10,7,"(2.5, 5.0)",143
10,8,"(2.5, 7.5)",118
10,9,"(2.5, 10.0)",33
10,10,"(5.0, 0.0)",85
10,11,"(5.0, 2.5)",158
10,12,"(5.0, 5.0)",188
10,13,"(5.0, 7.5)",130
10,14,"(5.0, 10.0)",58
10,15,"(7.5, 0.0)",45
10,16,"(7.5, 2.5)",137
10,17,"(7.5, 5.0)",170
10,18,"(7.5, 7.5)",114
10,19,"(7.5, 10.0)",21
10,20,"(10.0, 0.0)",13
10,21,"(10.0, 2.5)",46
10,22,"(10.0, 5.0)",81
10,23,"(10.0, 7.5)",37
10,24,"(10.0, 10.0)",12
11,0,"(0.0, 0.0)",5
11,1,"(0.0, 2.5)",16
11,2,"(0.0, 5.0)",83
11,3,"(0.0, 7.5)",12
11,4,"(0.0, 10.0)",4
11,5,"(2.5, 0.0)",19
11,6,"(2.5, 2.5)",103
11,7,"(2.5, 5.0)",112
11,8,"(2.5, 7.5)",89
11,9,"(2.5, 10.0)",20
11,10,"(5.0, 0.0)",103
11,11,"(5.0, 2.5)",136
11,12,"(5.0, 5.0)",163
11,13,"(5.0, 7.5)",98
11,14,"(5.0, 10.0)",70
11,15,"(7.5, 0.0)",24
11,16,"(7.5, 2.5)",116
11,17,"(7.5, 5.0)",131
11,18,"(7.5, 7.5)",95
11,19,"(7.5, 10.0)",13
11,20,"(10.0, 0.0)",2
11,21,"(10.0, 2.5)",17
11,22,"(10.0, 5.0)",102
11,23,"(10.0, 7.5)",20
11,24,"(10.0, 10.0)",3
12,0,"(0.0, 0.0)",1
12,1,"(0.0, 2.5)",2
12,2,"(0.0, 5.0)",110
12,3,"(0.0, 7.5)",3
12,4,"(0.0, 10.0)",1
12,5,"(2.5, 0.0)",2
12,6,"(2.5, 2.5)",98
12,7,"(2.5, 5.0)",110
12,8,"(2.5, 7.5)",86
12,9,"(2.5, 10.0)",5
12,10,"(5.0, 0.0)",132
12,11,"(5.0, 2.5)",132
12,12,"(5.0, 5.0)",163
12,13,"(5.0, 7.5)",94
12,14,"(5.0, 10.0)",92
12,15,"(7.5, 0.0)",3
12,16,"(7.5, 2.5)",114
12,17,"(7.5, 5.0)",130
12,18,"(7.5, 7.5)",91
12,19,"(7.5, 10.0)",1
12,20,"(10.0, 0.0)",1
12,21,"(10.0, 2.5)",2
12,22,"(10.0, 5.0)",130
12,23,"(10.0, 7.5)",2
12,24,"(10.0, 10.0)",1
13,0,"(0.0, 0.0)",1
13,1,"(0.0, 2.5)",1
13,2,"(0.0, 5.0)",110
13,3,"(0.0, 7.5)",1
13,4,"(0.0, 10.0)",1
13,5,"(2.5, 0.0)",1
13,6,"(2.5, 2.5)",98
13,7,"(2.5, 5.0)",110
13,8,"(2.5, 7.5)",86
13,9,"(2.5, 10.0)",1
13,10,"(5.0, 0.0)",132
13,11,"(5.0, 2.5)",132
13,12,"(5.0, 5.0)",163
13,13,"(5.0, 7.5)",94
13,14,"(5.0, 10.0)",94
13,15,"(7.5, 0.0)",1
13,16,"(7.5, 2.5)",114
13,17,"(7.5, 5.0)",130
13,18,"(7.5, 7.5)",91
13,19,"(7.5, 10.0)",1
13,20,"(10.0, 0.0)",1
13,21,"(10.0, 2.5)",1
13,22,"(10.0, 5.0)",130
13,23,"(10.0, 7.5)",1
13,24,"(10.0, 10.0)",1
14,0,"(0.0, 0.0)",1
14,1,"(0.0, 2.5)",1
14,2,"(0.0, 5.0)",110
14,3,"(0.0, 7.5)",1
14,4,"(0.0, 10.0)",1
14,5,"(2.5, 0.0)",1
14,6,"(2.5, 2.5)",98
14,7,"(2.5, 5.0)",110
14,8,"(2.5, 7.5)",86
14,9,"(2.5, 10.0)",1
14,10,"(5.0, 0.0)",132
14,11,"(5.0, 2.5)",132
14,12,"(5.0, 5.0)",163
14,13,"(5.0, 7.5)",94
14,14,"(5.0, 10.0)",94
14,15,"(7.5, 0.0)",1
14,16,"(7.5, 2.5)",114
14,17,"(7.5, 5.0)",130
14,18,"(7.5, 7.5)",91
14,19,"(7.5, 10.0)",1
14,20,"(10.0, 0.0)",1
14,21,"(10.0, 2.5)",1
14,22,"(10.0, 5.0)",130
14,23,"(10.0, 7.5)",1
14,24,"(10.0, 10.0)",1
15,0,"(0.0, 0.0)",1
15,1,"(0.0, 2.5)",1
15,2,"(0.0, 5.0)",110
15,3,"(0.0, 7.5)",1
15,4,"(0.0, 10.0)",1
15,5,"(2.5, 0.0)",1
15,6,"(2.5, 2.5)",98
15,7,"(2.5, 5.0)",110
15,8,"(2.5, 7.5)",86
15,9,"(2.5, 10.0)",1
15,10,"(5.0, 0.0)",132
15,11,"(5.0, 2.5)",132
15,12,"(5.0, 5.0)",163
15,13,"(5.0, 7.5)",94
15,14,"(5.0, 10.0)",94
15,15,"(7.5, 0.0)",1
15,16,"(7.5, 2.5)",114
15,17,"(7.5, 5.0)",130
15,18,"(7.5, 7.5)",91
15,19,"(7.5, 10.0)",1
15,20,"(10.0, 0.0)",1
15,21,"(10.0, 2.5)",1
15,22,"(10.0, 5.0)",130
15,23,"(10.0, 7.5)",1
15,24,"(10.0, 10.0)",1
16,0,"(0.0, 0.0)",2
16,1,"(0.0, 2.5)",2
16,2,"(0.0, 5.0)",107
16,3,"(0.0, 7.5)",1
16,4,"(0.0, 10.0)",1
16,5,"(2.5, 0.0)",3
16,6,"(2.5, 2.5)",101
16,7,"(2.5, 5.0)",112
16,8,"(2.5, 7.5)",88
16,9,"(2.5, 10.0)",1
16,10,"(5.0, 0.0)",124
16,11,"(5.0, 2.5)",132
16,12,"(5.0, 5.0)",163
16,13,"(5.0, 7.5)",95
16,14,"(5.0, 10.0)",92
16,15,"(7.5, 0.0)",1
16,16,"(7.5, 2.5)",116
16,17,"(7.5, 5.0)",130
16,18,"(7.5, 7.5)",92
16,19,"(7.5, 10.0)",1
16,20,"(10.0, 0.0)",1
16,21,"(10.0, 2.5)",1
16,22,"(10.0, 5.0)",125
16,23,"(10.0, 7.5)",2
16,24,"(10.0, 10.0)",1
17,0,"(0.0, 0.0)",2
17,1,"(0.0, 2.5)",2
17,2,"(0.0, 5.0)",106
17,3,"(0.0, 7.5)",2
17,4,"(0.0, 10.0)",1
17,5,"(2.5, 0.0)",1
17,6,"(2.5, 2.5)",100
17,7,"(2.5, 5.0)",113
17,8,"(2.5, 7.5)",88
17,9,"(2.5, 10.0)",1
17,10,"(5.0, 0.0)",122
17,11,"(5.0, 2.5)",134
17,12,"(5.0, 5.0)",176
17,13,"(5.0, 7.5)",100
17,14,"(5.0, 10.0)",92
17,15,"(7.5, 0.0)",2
17,16,"(7.5, 2.5)",119
17,17,"(7.5, 5.0)",134
17,18,"(7.5, 7.5)",94
17,19,"(7.5, 10.0)",1
17,20,"(10.0, 0.0)",1
17,21,"(10.0, 2.5)",1
17,22,"(10.0, 5.0)",123
17,23,"(10.0, 7.5)",1
17,24,"(10.0, 10.0)",1
18,0,"(0.0, 0.0)",2
18,1,"(0.0, 2.5)",8
18,2,"(0.0, 5.0)",91
18,3,"(0.0, 7.5)",3
18,4,"(0.0, 10.0)",1
18,5,"(2.5, 0.0)",5
18,6,"(2.5, 2.5)",112
18,7,"(2.5, 5.0)",119
18,8,"(2.5, 7.5)",97
18,9,"(2.5, 10.0)",3
18,10,"(5.0, 0.0)",101
18,11,"(5.0, 2.5)",140
18,12,"(5.0, 5.0)",181
18,13,"(5.0, 7.5)",109
18,14,"(5.0, 10.0)",75
18,15,"(7.5, 0.0)",5
18,16,"(7.5, 2.5)",129
18,17,"(7.5, 5.0)",139
18,18,"(7.5, 7.5)",104
18,19,"(7.5, 10.0)",6
18,20,"(10.0, 0.0)",2
18,21,"(10.0, 2.5)",4
18,22,"(10.0, 5.0)",105
18,23,"(10.0, 7.5)",5
18,24,"(10.0, 10.0)",1
19,0,"(0.0, 0.0)",1
19,1,"(0.0, 2.5)",8
19,2,"(0.0, 5.0)",93
19,3,"(0.0, 7.5)",5
19,4,"(0.0, 10.0)",1
19,5,"(2.5, 0.0)",4
19,6,"(2.5, 2.5)",113
19,7,"(2.5, 5.0)",131
19,8,"(2.5, 7.5)",100
19,9,"(2.5, 10.0)",4
19,10,"(5.0, 0.0)",99
19,11,"(5.0, 2.5)",158
19,12,"(5.0, 5.0)",209
19,13,"(5.0, 7.5)",127
19,14,"(5.0, 10.0)",77
19,15,"(7.5, 0.0)",5
19,16,"(7.5, 2.5)",132
19,17,"(7.5, 5.0)",153
19,18,"(7.5, 7.5)",109
19,19,"(7.5, 10.0)",7
19,20,"(10.0, 0.0)",3
19,21,"(10.0, 2.5)",7
19,22,"(10.0, 5.0)",103
19,23,"(10.0, 7.5)",5
19,24,"(10.0, 10.0)",1
20,0,"(0.0, 0.0)",3
20,1,"(0.0, 2.5)",13
20,2,"(0.0, 5.0)",80
20,3,"(0.0, 7.5)",6
20,4,"(0.0, 10.0)",2
20,5,"(2.5, 0.0)",9
20,6,"(2.5, 2.5)",120
20,7,"(2.5, 5.0)",132
20,8,"(2.5, 7.5)",109
20,9,"(2.5, 10.0)",12
20,10,"(5.0, 0.0)",64
20,11,"(5.0, 2.5)",160
20,12,"(5.0, 5.0)",209
20,13,"(5.0, 7.5)",135
20,14,"(5.0, 10.0)",53
20,15,"(7.5, 0.0)",15
20,16,"(7.5, 2.5)",139
20,17,"(7.5, 5.0)",163
20,18,"(7.5, 7.5)",126
20,19,"(7.5, 10.0)",6
20,20,"(10.0, 0.0)",3
20,21,"(10.0, 2.5)",13
20,22,"(10.0, 5.0)",73
20,23,"(10.0, 7.5)",14
20,24,"(10.0, 10.0)",4
21,0,"(0.0, 0.0)",5
21,1,"(0.0, 2.5)",17
21,2,"(0.0, 5.0)",74
21,3,"(0.0, 7.5)",7
21,4,"(0.0, 10.0)",3
21,5,"(2.5, 0.0)",13
21,6,"(2.5, 2.5)",126
21,7,"(2.5, 5.0)",143
21,8,"(2.5, 7.5)",118
21,9,"(2.5, 10.0)",15
21,10,"(5.0, 0.0)",72
21,11,"(5.0, 2.5)",198
21,12,"(5.0, 5.0)",239
21,13,"(5.0, 7.5)",161
21,14,"(5.0, 10.0)",56
21,15,"(7.5, 0.0)",21
21,16,"(7.5, 2.5)",149
21,17,"(7.5, 5.0)",189
21,18,"(7.5, 7.5)",136
21,19,"(7.5, 10.0)",15
21,20,"(10.0, 0.0)",7
21,21,"(10.0, 2.5)",19
21,22,"(10.0, 5.0)",81
21,23,"(10.0, 7.5)",14
21,24,"(10.0, 10.0)",4
22,0,"(0.0, 0.0)",6
22,1,"(0.0, 2.5)",23
22,2,"(0.0, 5.0)",33
22,3,"(0.0, 7.5)",20
22,4,"(0.0, 10.0)",6
22,5,"(2.5, 0.0)",27
22,6,"(2.5, 2.5)",138
22,7,"(2.5, 5.0)",174
22,8,"(2.5, 7.5)",130
22,9,"(2.5, 10.0)",26
22,10,"(5.0, 0.0)",40
22,11,"(5.0, 2.5)",183
22,12,"(5.0, 5.0)",233
22,13,"(5.0, 7.5)",159
22,14,"(5.0, 10.0)",34
22,15,"(7.5, 0.0)",26
22,16,"(7.5, 2.5)",154
22,17,"(7.5, 5.0)",185
22,18,"(7.5, 7.5)",143
22,19,"(7.5, 10.0)",29
22,20,"(10.0, 0.0)",6
22,21,"(10.0, 2.5)",28
22,22,"(10.0, 5.0)",45
22,23,"(10.0, 7.5)",33
22,24,"(10.0, 10.0)",5
23,0,"(0.0, 0.0)",11
23,1,"(0.0, 2.5)",32
23,2,"(0.0, 5.0)",44
23,3,"(0.0, 7.5)",31
23,4,"(0.0, 10.0)",7
23,5,"(2.5, 0.0)",32
23,6,"(2.5, 2.5)",157
23,7,"(2.5, 5.0)",191
23,8,"(2.5, 7.5)",130
23,9,"(2.5, 10.0)",32
23,10,"(5.0, 0.0)",42
23,11,"(5.0, 2.5)",218
23,12,"(5.0, 5.0)",264
23,13,"(5.0, 7.5)",183
23,14,"(5.0, 10.0)",47
23,15,"(7.5, 0.0)",27
23,16,"(7.5, 2.5)",165
23,17,"(7.5, 5.0)",205
23,18,"(7.5, 7.5)",149
23,19,"(7.5, 10.0)",45
23,20,"(10.0, 0.0)",6
23,21,"(10.0, 2.5)",37
23,22,"(10.0, 5.0)",53
23,23,"(10.0, 7.5)",37
23,24,"(10.0, 10.0)",15
24,0,"(0.0, 0.0)",11
24,1,"(0.0, 2.5)",29
24,2,"(0.0, 5.0)",44
24,3,"(0.0, 7.5)",24
24,4,"(0.0, 10.0)",7
24,5,"(2.5, 0.0)",33
24,6,"(2.5, 2.5)",135
24,7,"(2.5, 5.0)",175
24,8,"(2.5, 7.5)",112
24,9,"(2.5, 10.0)",25
24,10,"(5.0, 0.0)",37
24,11,"(5.0, 2.5)",198
24,12,"(5.0, 5.0)",237
24,13,"(5.0, 7.5)",161
24,14,"(5.0, 10.0)",45
24,15,"(7.5, 0.0)",31
24,16,"(7.5, 2.5)",139
24,17,"(7.5, 5.0)",189
24,18,"(7.5, 7.5)",143
24,19,"(7.5, 10.0)",45
24,20,"(10.0, 0.0)",7
24,21,"(10.0, 2.5)",40
24,22,"(10.0, 5.0)",62
24,23,"(10.0, 7.5)",29
24,24,"(10.0, 10.0)",11
25,0,"(0.0, 0.0)",16
25,1,"(0.0, 2.5)",36
25,2,"(0.0, 5.0)",50
25,3,"(0.0, 7.5)",33
25,4,"(0.0, 10.0)",8
25,5,"(2.5, 0.0)",36
25,6,"(2.5, 2.5)",136
25,7,"(2.5, 5.0)",176
25,8,"(2.5, 7.5)",126
25,9,"(2.5, 10.0)",31
25,10,"(5.0, 0.0)",42
25,11,"(5.0, 2.5)",179
25,12,"(5.0, 5.0)",238
25,13,"(5.0, 7.5)",158
25,14,"(5.0, 10.0)",46
25,15,"(7.5, 0.0)",31
25,16,"(7.5, 2.5)",124
25,17,"(7.5, 5.0)",177
25,18,"(7.5, 7.5)",157
25,19,"(7.5, 10.0)",46
25,20,"(10.0, 0.0)",17
25,21,"(10.0, 2.5)",49
25,22,"(10.0, 5.0)",60
25,23,"(10.0, 7.5)",31
25,24,"(10.0, 10.0)",12
26,0,"(0.0, 0.0)",13
26,1,"(0.0, 2.5)",42
26,2,"(0.0, 5.0)",60
26,3,"(0.0, 7.5)",33
26,4,"(0.0, 10.0)",4
26,5,"(2.5, 0.0)",38
26,6,"(2.5, 2.5)",136
26,7,"(2.5, 5.0)",182
26,8,"(2.5, 7.5)",146
26,9,"(2.5, 10.0)",37
26,10,"(5.0, 0.0)",50
26,11,"(5.0, 2.5)",167
26,12,"(5.0, 5.0)",201
26,13,"(5.0, 7.5)",161
26,14,"(5.0, 10.0)",39
26,15,"(7.5, 0.0)",41
26,16,"(7.5, 2.5)",146
26,17,"(7.5, 5.0)",172
26,18,"(7.5, 7.5)",161
26,19,"(7.5, 10.0)",43
26,20,"(10.0, 0.0)",11
26,21,"(10.0, 2.5)",45
26,22,"(10.0, 5.0)",54
26,23,"(10.0, 7.5)",41
26,24,"(10.0, 10.0)",10
27,0,"(0.0, 0.0)",12
27,1,"(0.0, 2.5)",38
27,2,"(0.0, 5.0)",64
27,3,"(0.0, 7.5)",36
27,4,"(0.0, 10.0)",14
27,5,"(2.5, 0.0)",30
27,6,"(2.5, 2.5)",136
27,7,"(2.5, 5.0)",170
27,8,"(2.5, 7.5)",147
27,9,"(2.5, 10.0)",35
27,10,"(5.0, 0.0)",56
27,11,"(5.0, 2.5)",154
27,12,"(5.0, 5.0)",191
27,13,"(5.0, 7.5)",151
27,14,"(5.0, 10.0)",45
27,15,"(7.5, 0.0)",31
27,16,"(7.5, 2.5)",150
27,17,"(7.5, 5.0)",142
27,18,"(7.5, 7.5)",136
27,19,"(7.5, 10.0)",39
27,20,"(10.0, 0.0)",6
27,21,"(10.0, 2.5)",36
27,22,"(10.0, 5.0)",52
27,23,"(10.0, 7.5)",33
27,24,"(10.0, 10.0)",9
28,0,"(0.0, 0.0)",6
28,1,"(0.0, 2.5)",33
28,2,"(0.0, 5.0)",77
28,3,"(0.0, 7.5)",35
28,4,"(0.0, 10.0)",16
28,5,"(2.5, 0.0)",33
28,6,"(2.5, 2.5)",136
28,7,"(2.5, 5.0)",158
28,8,"(2.5, 7.5)",133
28,9,"(2.5, 10.0)",37
28,10,"(5.0, 0.0)",60
28,11,"(5.0, 2.5)",143
28,12,"(5.0, 5.0)",174
28,13,"(5.0, 7.5)",147
28,14,"(5.0, 10.0)",68
28,15,"(7.5, 0.0)",27
28,16,"(7.5, 2.5)",150
28,17,"(7.5, 5.0)",147
28,18,"(7.5, 7.5)",125
28,19,"(7.5, 10.0)",30
28,20,"(10.0, 0.0)",5
28,21,"(10.0, 2.5)",32
28,22,"(10.0, 5.0)",69
28,23,"(10.0, 7.5)",33
28,24,"(10.0, 10.0)",10
29,0,"(0.0, 0.0)",7
29,1,"(0.0, 2.5)",25
29,2,"(0.0, 5.0)",91
29,3,"(0.0, 7.5)",29
29,4,"(0.0, 10.0)",11
29,5,"(2.5, 0.0)",23
29,6,"(2.5, 2.5)",125
29,7,"(2.5, 5.0)",153
29,8,"(2.5, 7.5)",130
29,9,"(2.5, 10.0)",32
29,10,"(5.0, 0.0)",69
29,11,"(5.0, 2.5)",127
29,12,"(5.0, 5.0)",156
29,13,"(5.0, 7.5)",130
29,14,"(5.0, 10.0)",77
29,15,"(7.5, 0.0)",18
29,16,"(7.5, 2.5)",138
29,17,"(7.5, 5.0)",130
29,18,"(7.5, 7.5)",119
29,19,"(7.5, 10.0)",21
29,20,"(10.0, 0.0)",4
29,21,"(10.0, 2.5)",17
29,22,"(10.0, 5.0)",76
29,23,"(10.0, 7.5)",19
29,24,"(10.0, 10.0)",8
30,0,"(0.0, 0.0)",6
30,1,"(0.0, 2.5)",18
30,2,"(0.0, 5.0)",101
30,3,"(0.0, 7.5)",23
30,4,"(0.0, 10.0)",6
30,5,"(2.5, 0.0)",19
30,6,"(2.5, 2.5)",125
30,7,"(2.5, 5.0)",146
30,8,"(2.5, 7.5)",130
30,9,"(2.5, 10.0)",22
30,10,"(5.0, 0.0)",84
30,11,"(5.0, 2.5)",131
30,12,"(5.0, 5.0)",147
30,13,"(5.0, 7.5)",119
30,14,"(5.0, 10.0)",87
30,15,"(7.5, 0.0)",8
30,16,"(7.5, 2.5)",127
30,17,"(7.5, 5.0)",129
30,18,"(7.5, 7.5)",116
30,19,"(7.5, 10.0)",14
30,20,"(10.0, 0.0)",2
30,21,"(10.0, 2.5)",7
30,22,"(10.0, 5.0)",79
30,23,"(10.0, 7.5)",12
30,24,"(10.0, 10.0)",3
31,0,"(0.0, 0.0)",2
31,1,"(0.0, 2.5)",6
31,2,"(0.0, 5.0)",110
31,3,"(0.0, 7.5)",11
31,4,"(0.0, 10.0)",3
31,5,"(2.5, 0.0)",6
31,6,"(2.5, 2.5)",104
31,7,"(2.5, 5.0)",132
31,8,"(2.5, 7.5)",121
31,9,"(2.5, 10.0)",14
31,10,"(5.0, 0.0)",94
31,11,"(5.0, 2.5)",112
31,12,"(5.0, 5.0)",136
31,13,"(5.0, 7.5)",111
31,14,"(5.0, 10.0)",94
31,15,"(7.5, 0.0)",5
31,16,"(7.5, 2.5)",120
31,17,"(7.5, 5.0)",106
31,18,"(7.5, 7.5)",109
31,19,"(7.5, 10.0)",6
31,20,"(10.0, 0.0)",1
31,21,"(10.0, 2.5)",4
31,22,"(10.0, 5.0)",88
31,23,"(10.0, 7.5)",4
31,24,"(10.0, 10.0)",3
32,0,"(0.0, 0.0)",1
32,1,"(0.0, 2.5)",1
32,2,"(0.0, 5.0)",123
32,3,"(0.0, 7.5)",1
32,4,"(0.0, 10.0)",1
32,5,"(2.5, 0.0)",2
32,6,"(2.5, 2.5)",101
32,7,"(2.5, 5.0)",127
32,8,"(2.5, 7.5)",121
32,9,"(2.5, 10.0)",2
32,10,"(5.0, 0.0)",102
32,11,"(5.0, 2.5)",113
32,12,"(5.0, 5.0)",134
32,13,"(5.0, 7.5)",110
32,14,"(5.0, 10.0)",105
32,15,"(7.5, 0.0)",6
32,16,"(7.5, 2.5)",118
32,17,"(7.5, 5.0)",104
32,18,"(7.5, 7.5)",110
32,19,"(7.5, 10.0)",6
32,20,"(10.0, 0.0)",1
32,21,"(10.0, 2.5)",1
32,22,"(10.0, 5.0)",97
32,23,"(10.0, 7.5)",4
32,24,"(10.0, 10.0)",2
33,0,"(0.0, 0.0)",1
33,1,"(0.0, 2.5)",1
33,2,"(0.0, 5.0)",124
33,3,"(0.0, 7.5)",1
33,4,"(0.0, 10.0)",1
33,5,"(2.5, 0.0)",2
33,6,"(2.5, 2.5)",101
33,7,"(2.5, 5.0)",128
33,8,"(2.5, 7.5)",120
33,9,"(2.5, 10.0)",1
33,10,"(5.0, 0.0)",107
33,11,"(5.0, 2.5)",111
33,12,"(5.0, 5.0)",141
33,13,"(5.0, 7.5)",111
33,14,"(5.0, 10.0)",107
33,15,"(7.5, 0.0)",3
33,16,"(7.5, 2.5)",117
33,17,"(7.5, 5.0)",104
33,18,"(7.5, 7.5)",111
33,19,"(7.5, 10.0)",3
33,20,"(10.0, 0.0)",1
33,21,"(10.0, 2.5)",1
33,22,"(10.0, 5.0)",97
33,23,"(10.0, 7.5)",1
33,24,"(10.0, 10.0)",1
34,0,"(0.0, 0.0)",1
34,1,"(0.0, 2.5)",3
34,2,"(0.0, 5.0)",113
34,3,"(0.0, 7.5)",2
34,4,"(0.0, 10.0)",1
34,5,"(2.5, 0.0)",4
34,6,"(2.5, 2.5)",103
34,7,"(2.5, 5.0)",131
34,8,"(2.5, 7.5)",123
34,9,"(2.5, 10.0)",4
34,10,"(5.0, 0.0)",101
34,11,"(5.0, 2.5)",114
34,12,"(5.0, 5.0)",144
34,13,"(5.0, 7.5)",112
34,14,"(5.0, 10.0)",99
34,15,"(7.5, 0.0)",3
34,16,"(7.5, 2.5)",119
34,17,"(7.5, 5.0)",103
34,18,"(7.5, 7.5)",110
34,19,"(7.5, 10.0)",4
34,20,"(10.0, 0.0)",1
34,21,"(10.0, 2.5)",2
34,22,"(10.0, 5.0)",93
34,23,"(10.0, 7.5)",6
34,24,"(10.0, 10.0)",3
35,0,"(0.0, 0.0)",1
35,1,"(0.0, 2.5)",5
35,2,"(0.0, 5.0)",115
35,3,"(0.0, 7.5)",2
35,4,"(0.0, 10.0)",1
35,5,"(2.5, 0.0)",4
35,6,"(2.5, 2.5)",104
35,7,"(2.5, 5.0)",138
35,8,"(2.5, 7.5)",123
35,9,"(2.5, 10.0)",5
35,10,"(5.0, 0.0)",100
35,11,"(5.0, 2.5)",119
35,12,"(5.0, 5.0)",157
35,13,"(5.0, 7.5)",118
35,14,"(5.0, 10.0)",103
35,15,"(7.5, 0.0)",1
35,16,"(7.5, 2.5)",117
35,17,"(7.5, 5.0)",115
35,18,"(7.5, 7.5)",108
35,19,"(7.5, 10.0)",6
35,20,"(10.0, 0.0)",1
35,21,"(10.0, 2.5)",3
35,22,"(10.0, 5.0)",96
35,23,"(10.0, 7.5)",2
35,24,"(10.0, 10.0)",3
36,0,"(0.0, 0.0)",3
36,1,"(0.0, 2.5)",7
36,2,"(0.0, 5.0)",98
36,3,"(0.0, 7.5)",6
36,4,"(0.0, 10.0)",1
36,5,"(2.5, 0.0)",10
36,6,"(2.5, 2.5)",113
36,7,"(2.5, 5.0)",133
36,8,"(2.5, 7.5)",127
36,9,"(2.5, 10.0)",6
36,10,"(5.0, 0.0)",87
36,11,"(5.0, 2.5)",115
36,12,"(5.0, 5.0)",164
36,13,"(5.0, 7.5)",120
36,14,"(5.0, 10.0)",88
36,15,"(7.5, 0.0)",10
36,16,"(7.5, 2.5)",118
36,17,"(7.5, 5.0)",119
36,18,"(7.5, 7.5)",112
36,19,"(7.5, 10.0)",11
36,20,"(10.0, 0.0)",3
36,21,"(10.0, 2.5)",9
36,22,"(10.0, 5.0)",85
36,23,"(10.0, 7.5)",6
36,24,"(10.0, 10.0)",2
37,0,"(0.0, 0.0)",4
37,1,"(0.0, 2.5)",4
37,2,"(0.0, 5.0)",98
37,3,"(0.0, 7.5)",5
37,4,"(0.0, 10.0)",1
37,5,"(2.5, 0.0)",11
37,6,"(2.5, 2.5)",115
37,7,"(2.5, 5.0)",142
37,8,"(2.5, 7.5)",128
37,9,"(2.5, 10.0)",6
37,10,"(5.0, 0.0)",87
37,11,"(5.0, 2.5)",136
37,12,"(5.0, 5.0)",186
37,13,"(5.0, 7.5)",134
37,14,"(5.0, 10.0)",92
37,15,"(7.5, 0.0)",9
37,16,"(7.5, 2.5)",119
37,17,"(7.5, 5.0)",136
37,18,"(7.5, 7.5)",105
37,19,"(7.5, 10.0)",12
37,20,"(10.0, 0.0)",4
37,21,"(10.0, 2.5)",8
37,22,"(10.0, 5.0)",89
37,23,"(10.0, 7.5)",5
37,24,"(10.0, 10.0)",2
38,0,"(0.0, 0.0)",3
38,1,"(0.0, 2.5)",10
38,2,"(0.0, 5.0)",75
38,3,"(0.0, 7.5)",13
38,4,"(0.0, 10.0)",3
38,5,"(2.5, 0.0)",19
38,6,"(2.5, 2.5)",118
38,7,"(2.5, 5.0)",138
38,8,"(2.5, 7.5)",143
38,9,"(2.5, 10.0)",11
38,10,"(5.0, 0.0)",75
38,11,"(5.0, 2.5)",146
38,12,"(5.0, 5.0)",199
38,13,"(5.0, 7.5)",143
38,14,"(5.0, 10.0)",64
38,15,"(7.5, 0.0)",18
38,16,"(7.5, 2.5)",126
38,17,"(7.5, 5.0)",135
38,18,"(7.5, 7.5)",106
38,19,"(7.5, 10.0)",17
38,20,"(10.0, 0.0)",3
38,21,"(10.0, 2.5)",16
38,22,"(10.0, 5.0)",77
38,23,"(10.0, 7.5)",12
38,24,"(10.0, 10.0)",3
39,0,"(0.0, 0.0)",7
39,1,"(0.0, 2.5)",11
39,2,"(0.0, 5.0)",79
39,3,"(0.0, 7.5)",9
39,4,"(0.0, 10.0)",3
39,5,"(2.5, 0.0)",20
39,6,"(2.5, 2.5)",125
39,7,"(2.5, 5.0)",164
39,8,"(2.5, 7.5)",149
39,9,"(2.5, 10.0)",19
39,10,"(5.0, 0.0)",86
39,11,"(5.0, 2.5)",175
39,12,"(5.0, 5.0)",220
39,13,"(5.0, 7.5)",159
39,14,"(5.0, 10.0)",66
39,15,"(7.5, 0.0)",18
39,16,"(7.5, 2.5)",124
39,17,"(7.5, 5.0)",145
39,18,"(7.5, 7.5)",112
39,19,"(7.5, 10.0)",18
39,20,"(10.0, 0.0)",5
39,21,"(10.0, 2.5)",24
39,22,"(10.0, 5.0)",77
39,23,"(10.0, 7.5)",15
39,24,"(10.0, 10.0)",5
40,0,"(0.0, 0.0)",8
40,1,"(0.0, 2.5)",23
40,2,"(0.0, 5.0)",56
40,3,"(0.0, 7.5)",12
40,4,"(0.0, 10.0)",6
40,5,"(2.5, 0.0)",26
40,6,"(2.5, 2.5)",128
40,7,"(2.5, 5.0)",172
40,8,"(2.5, 7.5)",150
40,9,"(2.5, 10.0)",18
40,10,"(5.0, 0.0)",62
40,11,"(5.0, 2.5)",166
40,12,"(5.0, 5.0)",232
40,13,"(5.0, 7.5)",156
40,14,"(5.0, 10.0)",48
40,15,"(7.5, 0.0)",22
40,16,"(7.5, 2.5)",133
40,17,"(7.5, 5.0)",164
40,18,"(7.5, 7.5)",107
40,19,"(7.5, 10.0)",26
40,20,"(10.0, 0.0)",3
40,21,"(10.0, 2.5)",28
40,22,"(10.0, 5.0)",63
40,23,"(10.0, 7.5)",17
40,24,"(10.0, 10.0)",6
41,0,"(0.0, 0.0)",9
41,1,"(0.0, 2.5)",30
41,2,"(0.0, 5.0)",57
41,3,"(0.0, 7.5)",13
41,4,"(0.0, 10.0)",8
41,5,"(2.5, 0.0)",28
41,6,"(2.5, 2.5)",136
41,7,"(2.5, 5.0)",174
41,8,"(2.5, 7.5)",148
41,9,"(2.5, 10.0)",22
41,10,"(5.0, 0.0)",64
41,11,"(5.0, 2.5)",179
41,12,"(5.0, 5.0)",256
41,13,"(5.0, 7.5)",182
41,14,"(5.0, 10.0)",56
41,15,"(7.5, 0.0)",25
41,16,"(7.5, 2.5)",134
41,17,"(7.5, 5.0)",178
41,18,"(7.5, 7.5)",118
41,19,"(7.5, 10.0)",29
41,20,"(10.0, 0.0)",5
41,21,"(10.0, 2.5)",31
41,22,"(10.0, 5.0)",63
41,23,"(10.0, 7.5)",19
41,24,"(10.0, 10.0)",7
42,0,"(0.0, 0.0)",8
42,1,"(0.0, 2.5)",40
42,2,"(0.0, 5.0)",45
42,3,"(0.0, 7.5)",24
42,4,"(0.0, 10.0)",9
42,5,"(2.5, 0.0)",32
42,6,"(2.5, 2.5)",139
42,7,"(2.5, 5.0)",170
42,8,"(2.5, 7.5)",143
42,9,"(2.5, 10.0)",29
42,10,"(5.0, 0.0)",64
42,11,"(5.0, 2.5)",191
42,12,"(5.0, 5.0)",241
42,13,"(5.0, 7.5)",173
42,14,"(5.0, 10.0)",47
42,15,"(7.5, 0.0)",32
42,16,"(7.5, 2.5)",145
42,17,"(7.5, 5.0)",176
42,18,"(7.5, 7.5)",126
42,19,"(7.5, 10.0)",25
42,20,"(10.0, 0.0)",7
42,21,"(10.0, 2.5)",32
42,22,"(10.0, 5.0)",41
42,23,"(10.0, 7.5)",21
42,24,"(10.0, 10.0)",4
43,0,"(0.0, 0.0)",15
43,1,"(0.0, 2.5)",41
43,2,"(0.0, 5.0)",46
43,3,"(0.0, 7.5)",29
43,4,"(0.0, 10.0)",8
43,5,"(2.5, 0.0)",24
43,6,"(2.5, 2.5)",151
43,7,"(2.5, 5.0)",173
43,8,"(2.5, 7.5)",136
43,9,"(2.5, 10.0)",31
43,10,"(5.0, 0.0)",59
43,11,"(5.0, 2.5)",200
43,12,"(5.0, 5.0)",261
43,13,"(5.0, 7.5)",183
43,14,"(5.0, 10.0)",48
43,15,"(7.5, 0.0)",26
43,16,"(7.5, 2.5)",136
43,17,"(7.5, 5.0)",172
43,18,"(7.5, 7.5)",136
43,19,"(7.5, 10.0)",30
43,20,"(10.0, 0.0)",10
43,21,"(10.0, 2.5)",33
43,22,"(10.0, 5.0)",42
43,23,"(10.0, 7.5)",34
43,24,"(10.0, 10.0)",6
44,0,"(0.0, 0.0)",11
44,1,"(0.0, 2.5)",34
44,2,"(0.0, 5.0)",45
44,3,"(0.0, 7.5)",28
44,4,"(0.0, 10.0)",9
44,5,"(2.5, 0.0)",30
44,6,"(2.5, 2.5)",138
44,7,"(2.5, 5.0)",150
44,8,"(2.5, 7.5)",130
44,9,"(2.5, 10.0)",41
44,10,"(5.0, 0.0)",59
44,11,"(5.0, 2.5)",185
44,12,"(5.0, 5.0)",230
44,13,"(5.0, 7.5)",173
44,14,"(5.0, 10.0)",52
44,15,"(7.5, 0.0)",28
44,16,"(7.5, 2.5)",121
44,17,"(7.5, 5.0)",168
44,18,"(7.5, 7.5)",141
44,19,"(7.5, 10.0)",30
44,20,"(10.0, 0.0)",10
44,21,"(10.0, 2.5)",30
44,22,"(10.0, 5.0)",55
44,23,"(10.0, 7.5)",30
44,24,"(10.0, 10.0)",4
45,0,"(0.0, 0.0)",11
45,1,"(0.0, 2.5)",27
45,2,"(0.0, 5.0)",55
45,3,"(0.0, 7.5)",27
45,4,"(0.0, 10.0)",8
45,5,"(2.5, 0.0)",34
45,6,"(2.5, 2.5)",138
45,7,"(2.5, 5.0)",153
45,8,"(2.5, 7.5)",138
45,9,"(2.5, 10.0)",42
45,10,"(5.0, 0.0)",75
45,11,"(5.0, 2.5)",175
45,12,"(5.0, 5.0)",228
45,13,"(5.0, 7.5)",164
45,14,"(5.0, 10.0)",54
45,15,"(7.5, 0.0)",32
45,16,"(7.5, 2.5)",121
45,17,"(7.5, 5.0)",171
45,18,"(7.5, 7.5)",132
45,19,"(7.5, 10.0)",25
45,20,"(10.0, 0.0)",10
45,21,"(10.0, 2.5)",23
45,22,"(10.0, 5.0)",61
45,23,"(10.0, 7.5)",29
45,24,"(10.0, 10.0)",9
46,0,"(0.0, 0.0)",11
46,1,"(0.0, 2.5)",23
46,2,"(0.0, 5.0)",58
46,3,"(0.0, 7.5)",27
46,4,"(0.0, 10.0)",8
46,5,"(2.5, 0.0)",28
46,6,"(2.5, 2.5)",138
46,7,"(2.5, 5.0)",147
46,8,"(2.5, 7.5)",138
46,9,"(2.5, 10.0)",31
46,10,"(5.0, 0.0)",73
46,11,"(5.0, 2.5)",170
46,12,"(5.0, 5.0)",188
46,13,"(5.0, 7.5)",160
46,14,"(5.0, 10.0)",67
46,15,"(7.5, 0.0)",26
46,16,"(7.5, 2.5)",123
46,17,"(7.5, 5.0)",171
46,18,"(7.5, 7.5)",132
46,19,"(7.5, 10.0)",29
46,20,"(10.0, 0.0)",4
46,21,"(10.0, 2.5)",24
46,22,"(10.0, 5.0)",70
46,23,"(10.0, 7.5)",29
46,24,"(10.0, 10.0)",10
47,0,"(0.0, 0.0)",9
47,1,"(0.0, 2.5)",26
47,2,"(0.0, 5.0)",64
47,3,"(0.0, 7.5)",20
47,4,"(0.0, 10.0)",8
47,5,"(2.5, 0.0)",29
47,6,"(2.5, 2.5)",131
47,7,"(2.5, 5.0)",138
47,8,"(2.5, 7.5)",130
47,9,"(2.5, 10.0)",23
47,10,"(5.0, 0.0)",77
47,11,"(5.0, 2.5)",145
47,12,"(5.0, 5.0)",190
47,13,"(5.0, 7.5)",153
47,14,"(5.0, 10.0)",70
47,15,"(7.5, 0.0)",18
47,16,"(7.5, 2.5)",124
47,17,"(7.5, 5.0)",163
47,18,"(7.5, 7.5)",127
47,19,"(7.5, 10.0)",17
47,20,"(10.0, 0.0)",6
47,21,"(10.0, 2.5)",23
47,22,"(10.0, 5.0)",79
47,23,"(10.0, 7.5)",20
47,24,"(10.0, 10.0)",8
48,0,"(0.0, 0.0)",12
48,1,"(0.0, 2.5)",24
48,2,"(0.0, 5.0)",74
48,3,"(0.0, 7.5)",21
48,4,"(0.0, 10.0)",6
48,5,"(2.5, 0.0)",17
48,6,"(2.5, 2.5)",125
48,7,"(2.5, 5.0)",127
48,8,"(2.5, 7.5)",130
48,9,"(2.5, 10.0)",19
48,10,"(5.0, 0.0)",85
48,11,"(5.0, 2.5)",147
48,12,"(5.0, 5.0)",172
48,13,"(5.0, 7.5)",150
48,14,"(5.0, 10.0)",81
48,15,"(7.5, 0.0)",12
48,16,"(7.5, 2.5)",121
48,17,"(7.5, 5.0)",151
48,18,"(7.5, 7.5)",124
48,19,"(7.5, 10.0)",16
48,20,"(10.0, 0.0)",3
48,21,"(10.0, 2.5)",18
48,22,"(10.0, 5.0)",91
48,23,"(10.0, 7.5)",19
48,24,"(10.0, 10.0)",3
49,0,"(0.0, 0.0)",8
49,1,"(0.0, 2.5)",15
49,2,"(0.0, 5.0)",78
49,3,"(0.0, 7.5)",16
49,4,"(0.0, 10.0)",4
49,5,"(2.5, 0.0)",17
49,6,"(2.5, 2.5)",123
49,7,"(2.5, 5.0)",126
49,8,"(2.5, 7.5)",106
49,9,"(2.5, 10.0)",10
49,10,"(5.0, 0.0)",93
49,11,"(5.0, 2.5)",127
49,12,"(5.0, 5.0)",156
49,13,"(5.0, 7.5)",143
49,14,"(5.0, 10.0)",95
49,15,"(7.5, 0.0)",11
49,16,"(7.5, 2.5)",107
49,17,"(7.5, 5.0)",138
49,18,"(7.5, 7.5)",109
49,19,"(7.5, 10.0)",12
49,20,"(10.0, 0.0)",4
49,21,"(10.0, 2.5)",13
49,22,"(10.0, 5.0)",99
49,23,"(10.0, 7.5)",11
49,24,"(10.0, 10.0)",4
50,0,"(0.0, 0.0)",5
50,1,"(0.0, 2.5)",13
50,2,"(0.0, 5.0)",84
50,3,"(0.0, 7.5)",13
50,4,"(0.0, 10.0)",3
50,5,"(2.5, 0.0)",15
50,6,"(2.5, 2.5)",127
50,7,"(2.5, 5.0)",117
50,8,"(2.5, 7.5)",105
50,9,"(2.5, 10.0)",9
50,10,"(5.0, 0.0)",99
50,11,"(5.0, 2.5)",129
50,12,"(5.0, 5.0)",154
50,13,"(5.0, 7.5)",139
50,14,"(5.0, 10.0)",111
50,15,"(7.5, 0.0)",13
50,16,"(7.5, 2.5)",110
50,17,"(7.5, 5.0)",138
50,18,"(7.5, 7.5)",102
50,19,"(7.5, 10.0)",5
50,20,"(10.0, 0.0)",3
50,21,"(10.0, 2.5)",14
50,22,"(10.0, 5.0)",113
50,23,"(10.0, 7.5)",7
50,24,"(10.0, 10.0)",1
51,0,"(0.0, 0.0)",2
51,1,"(0.0, 2.5)",9
51,2,"(0.0, 5.0)",86
51,3,"(0.0, 7.5)",4
51,4,"(0.0, 10.0)",2
51,5,"(2.5, 0.0)",11
51,6,"(2.5, 2.5)",117
51,7,"(2.5, 5.0)",115
51,8,"(2.5, 7.5)",105
51,9,"(2.5, 10.0)",5
51,10,"(5.0, 0.0)",100
51,11,"(5.0, 2.5)",121
51,12,"(5.0, 5.0)",143
51,13,"(5.0, 7.5)",133
51,14,"(5.0, 10.0)",114
51,15,"(7.5, 0.0)",6
51,16,"(7.5, 2.5)",102
51,17,"(7.5, 5.0)",135
51,18,"(7.5, 7.5)",93
51,19,"(7.5, 10.0)",4
51,20,"(10.0, 0.0)",2
51,21,"(10.0, 2.5)",7
51,22,"(10.0, 5.0)",120
51,23,"(10.0, 7.5)",4
51,24,"(10.0, 10.0)",2
52,0,"(0.0, 0.0)",4
52,1,"(0.0, 2.5)",6
52,2,"(0.0, 5.0)",96
52,3,"(0.0, 7.5)",4
52,4,"(0.0, 10.0)",2
52,5,"(2.5, 0.0)",8
52,6,"(2.5, 2.5)",121
52,7,"(2.5, 5.0)",115
52,8,"(2.5, 7.5)",105
52,9,"(2.5, 10.0)",11
52,10,"(5.0, 0.0)",96
52,11,"(5.0, 2.5)",117
52,12,"(5.0, 5.0)",150
52,13,"(5.0, 7.5)",132
52,14,"(5.0, 10.0)",116
52,15,"(7.5, 0.0)",6
52,16,"(7.5, 2.5)",99
52,17,"(7.5, 5.0)",142
52,18,"(7.5, 7.5)",94
52,19,"(7.5, 10.0)",8
52,20,"(10.0, 0.0)",2
52,21,"(10.0, 2.5)",5
52,22,"(10.0, 5.0)",122
52,23,"(10.0, 7.5)",3
52,24,"(10.0, 10.0)",1
53,0,"(0.0, 0.0)",4
53,1,"(0.0, 2.5)",4
53,2,"(0.0, 5.0)",96
53,3,"(0.0, 7.5)",4
53,4,"(0.0, 10.0)",2
53,5,"(2.5, 0.0)",10
53,6,"(2.5, 2.5)",117
53,7,"(2.5, 5.0)",119
53,8,"(2.5, 7.5)",100
53,9,"(2.5, 10.0)",2
53,10,"(5.0, 0.0)",97
53,11,"(5.0, 2.5)",120
53,12,"(5.0, 5.0)",167
53,13,"(5.0, 7.5)",143
53,14,"(5.0, 10.0)",120
53,15,"(7.5, 0.0)",5
53,16,"(7.5, 2.5)",102
53,17,"(7.5, 5.0)",152
53,18,"(7.5, 7.5)",94
53,19,"(7.5, 10.0)",5
53,20,"(10.0, 0.0)",2
53,21,"(10.0, 2.5)",5
53,22,"(10.0, 5.0)",122
53,23,"(10.0, 7.5)",2
53,24,"(10.0, 10.0)",1
54,0,"(0.0, 0.0)",3
54,1,"(0.0, 2.5)",6
54,2,"(0.0, 5.0)",83
54,3,"(0.0, 7.5)",4
54,4,"(0.0, 10.0)",1
54,5,"(2.5, 0.0)",11
54,6,"(2.5, 2.5)",119
54,7,"(2.5, 5.0)",119
54,8,"(2.5, 7.5)",105
54,9,"(2.5, 10.0)",3
54,10,"(5.0, 0.0)",84
54,11,"(5.0, 2.5)",118
54,12,"(5.0, 5.0)",163
54,13,"(5.0, 7.5)",146
54,14,"(5.0, 10.0)",118
54,15,"(7.5, 0.0)",8
54,16,"(7.5, 2.5)",109
54,17,"(7.5, 5.0)",153
54,18,"(7.5, 7.5)",100
54,19,"(7.5, 10.0)",8
54,20,"(10.0, 0.0)",4
54,21,"(10.0, 2.5)",6
54,22,"(10.0, 5.0)",110
54,23,"(10.0, 7.5)",6
54,24,"(10.0, 10.0)",2
55,0,"(0.0, 0.0)",3
55,1,"(0.0, 2.5)",7
55,2,"(0.0, 5.0)",85
55,3,"(0.0, 7.5)",7
55,4,"(0.0, 10.0)",1
55,5,"(2.5, 0.0)",11
55,6,"(2.5, 2.5)",122
55,7,"(2.5, 5.0)",126
55,8,"(2.5, 7.5)",113
55,9,"(2.5, 10.0)",5
55,10,"(5.0, 0.0)",83
55,11,"(5.0, 2.5)",128
55,12,"(5.0, 5.0)",181
55,13,"(5.0, 7.5)",161
55,14,"(5.0, 10.0)",119
55,15,"(7.5, 0.0)",11
55,16,"(7.5, 2.5)",114
55,17,"(7.5, 5.0)",159
55,18,"(7.5, 7.5)",103
55,19,"(7.5, 10.0)",6
55,20,"(10.0, 0.0)",4
55,21,"(10.0, 2.5)",5
55,22,"(10.0, 5.0)",111
55,23,"(10.0, 7.5)",9
55,24,"(10.0, 10.0)",3
56,0,"(0.0, 0.0)",3
56,1,"(0.0, 2.5)",6
56,2,"(0.0, 5.0)",71
56,3,"(0.0, 7.5)",6
56,4,"(0.0, 10.0)",2
56,5,"(2.5, 0.0)",17
56,6,"(2.5, 2.5)",133
56,7,"(2.5, 5.0)",118
56,8,"(2.5, 7.5)",119
56,9,"(2.5, 10.0)",10
56,10,"(5.0, 0.0)",71
56,11,"(5.0, 2.5)",129
56,12,"(5.0, 5.0)",177
56,13,"(5.0, 7.5)",160
56,14,"(5.0, 10.0)",91
56,15,"(7.5, 0.0)",18
56,16,"(7.5, 2.5)",123
56,17,"(7.5, 5.0)",152
56,18,"(7.5, 7.5)",114
56,19,"(7.5, 10.0)",14
56,20,"(10.0, 0.0)",3
56,21,"(10.0, 2.5)",8
56,22,"(10.0, 5.0)",93
56,23,"(10.0, 7.5)",15
56,24,"(10.0, 10.0)",5
57,0,"(0.0, 0.0)",2
57,1,"(0.0, 2.5)",9
57,2,"(0.0, 5.0)",73
57,3,"(0.0, 7.5)",6
57,4,"(0.0, 10.0)",1
57,5,"(2.5, 0.0)",10
57,6,"(2.5, 2.5)",128
57,7,"(2.5, 5.0)",136
57,8,"(2.5, 7.5)",127
57,9,"(2.5, 10.0)",16
57,10,"(5.0, 0.0)",66
57,11,"(5.0, 2.5)",146
57,12,"(5.0, 5.0)",195
57,13,"(5.0, 7.5)",175
57,14,"(5.0, 10.0)",97
57,15,"(7.5, 0.0)",25
57,16,"(7.5, 2.5)",125
57,17,"(7.5, 5.0)",173
57,18,"(7.5, 7.5)",117
57,19,"(7.5, 10.0)",21
57,20,"(10.0, 0.0)",5
57,21,"(10.0, 2.5)",10
57,22,"(10.0, 5.0)",91
57,23,"(10.0, 7.5)",10
57,24,"(10.0, 10.0)",8
58,0,"(0.0, 0.0)",4
58,1,"(0.0, 2.5)",12
58,2,"(0.0, 5.0)",57
58,3,"(0.0, 7.5)",12
58,4,"(0.0, 10.0)",6
58,5,"(2.5, 0.0)",19
58,6,"(2.5, 2.5)",129
58,7,"(2.5, 5.0)",148
58,8,"(2.5, 7.5)",120
58,9,"(2.5, 10.0)",24
58,10,"(5.0, 0.0)",51
58,11,"(5.0, 2.5)",151
58,12,"(5.0, 5.0)",215
58,13,"(5.0, 7.5)",177
58,14,"(5.0, 10.0)",75
58,15,"(7.5, 0.0)",24
58,16,"(7.5, 2.5)",125
58,17,"(7.5, 5.0)",163
58,18,"(7.5, 7.5)",115
58,19,"(7.5, 10.0)",26
58,20,"(10.0, 0.0)",5
58,21,"(10.0, 2.5)",18
58,22,"(10.0, 5.0)",70
58,23,"(10.0, 7.5)",14
58,24,"(10.0, 10.0)",7
59,0,"(0.0, 0.0)",9
59,1,"(0.0, 2.5)",12
59,2,"(0.0, 5.0)",55
59,3,"(0.0, 7.5)",17
59,4,"(0.0, 10.0)",5
59,5,"(2.5, 0.0)",25
59,6,"(2.5, 2.5)",135
59,7,"(2.5, 5.0)",184
59,8,"(2.5, 7.5)",131
59,9,"(2.5, 10.0)",25
59,10,"(5.0, 0.0)",57
59,11,"(5.0, 2.5)",170
59,12,"(5.0, 5.0)",242
59,13,"(5.0, 7.5)",200
59,14,"(5.0, 10.0)",87
59,15,"(7.5, 0.0)",21
59,16,"(7.5, 2.5)",136
59,17,"(7.5, 5.0)",180
59,18,"(7.5, 7.5)",127
59,19,"(7.5, 10.0)",29
59,20,"(10.0, 0.0)",8
59,21,"(10.0, 2.5)",24
59,22,"(10.0, 5.0)",82
59,23,"(10.0, 7.5)",14
59,24,"(10.0, 10.0)",5
60,0,"(0.0, 0.0)",9
60,1,"(0.0, 2.5)",15
60,2,"(0.0, 5.0)",49
60,3,"(0.0, 7.5)",22
60,4,"(0.0, 10.0)",5
60,5,"(2.5, 0.0)",26
60,6,"(2.5, 2.5)",135
60,7,"(2.5, 5.0)",183
60,8,"(2.5, 7.5)",125
60,9,"(2.5, 10.0)",19
60,10,"(5.0, 0.0)",47
60,11,"(5.0, 2.5)",155
60,12,"(5.0, 5.0)",229
60,13,"(5.0, 7.5)",184
60,14,"(5.0, 10.0)",67
60,15,"(7.5, 0.0)",29
60,16,"(7.5, 2.5)",140
60,17,"(7.5, 5.0)",171
60,18,"(7.5, 7.5)",125
60,19,"(7.5, 10.0)",27
60,20,"(10.0, 0.0)",8
60,21,"(10.0, 2.5)",22
60,22,"(10.0, 5.0)",54
60,23,"(10.0, 7.5)",22
60,24,"(10.0, 10.0)",7
61,0,"(0.0, 0.0)",9
61,1,"(0.0, 2.5)",25
61,2,"(0.0, 5.0)",50
61,3,"(0.0, 7.5)",17
61,4,"(0.0, 10.0)",6
61,5,"(2.5, 0.0)",27
61,6,"(2.5, 2.5)",151
61,7,"(2.5, 5.0)",202
61,8,"(2.5, 7.5)",140
61,9,"(2.5, 10.0)",17
61,10,"(5.0, 0.0)",48
61,11,"(5.0, 2.5)",155
61,12,"(5.0, 5.0)",250
61,13,"(5.0, 7.5)",191
61,14,"(5.0, 10.0)",73
61,15,"(7.5, 0.0)",31
61,16,"(7.5, 2.5)",135
61,17,"(7.5, 5.0)",174
61,18,"(7.5, 7.5)",127
61,19,"(7.5, 10.0)",36
61,20,"(10.0, 0.0)",5
61,21,"(10.0, 2.5)",31
61,22,"(10.0, 5.0)",58
61,23,"(10.0, 7.5)",29
61,24,"(10.0, 10.0)",8
62,0,"(0.0, 0.0)",8
62,1,"(0.0, 2.5)",27
62,2,"(0.0, 5.0)",45
62,3,"(0.0, 7.5)",19
62,4,"(0.0, 10.0)",4
62,5,"(2.5, 0.0)",20
62,6,"(2.5, 2.5)",146
62,7,"(2.5, 5.0)",191
62,8,"(2.5, 7.5)",141
62,9,"(2.5, 10.0)",21
62,10,"(5.0, 0.0)",53
62,11,"(5.0, 2.5)",168
62,12,"(5.0, 5.0)",222
62,13,"(5.0, 7.5)",173
62,14,"(5.0, 10.0)",71
62,15,"(7.5, 0.0)",23
62,16,"(7.5, 2.5)",136
62,17,"(7.5, 5.0)",161
62,18,"(7.5, 7.5)",132
62,19,"(7.5, 10.0)",36
62,20,"(10.0, 0.0)",8
62,21,"(10.0, 2.5)",24
62,22,"(10.0, 5.0)",53
62,23,"(10.0, 7.5)",27
62,24,"(10.0, 10.0)",6
63,0,"(0.0, 0.0)",9
63,1,"(0.0, 2.5)",31
63,2,"(0.0, 5.0)",52
63,3,"(0.0, 7.5)",27
63,4,"(0.0, 10.0)",6
63,5,"(2.5, 0.0)",20
63,6,"(2.5, 2.5)",144
63,7,"(2.5, 5.0)",181
63,8,"(2.5, 7.5)",136
63,9,"(2.5, 10.0)",34
63,10,"(5.0, 0.0)",54
63,11,"(5.0, 2.5)",166
63,12,"(5.0, 5.0)",227
63,13,"(5.0, 7.5)",171
63,14,"(5.0, 10.0)",68
63,15,"(7.5, 0.0)",29
63,16,"(7.5, 2.5)",128
63,17,"(7.5, 5.0)",153
63,18,"(7.5, 7.5)",135
63,19,"(7.5, 10.0)",29
63,20,"(10.0, 0.0)",12
63,21,"(10.0, 2.5)",21
63,22,"(10.0, 5.0)",52
63,23,"(10.0, 7.5)",29
63,24,"(10.0, 10.0)",10
64,0,"(0.0, 0.0)",6
64,1,"(0.0, 2.5)",24
64,2,"(0.0, 5.0)",62
64,3,"(0.0, 7.5)",26
64,4,"(0.0, 10.0)",10
64,5,"(2.5, 0.0)",23
64,6,"(2.5, 2.5)",136
64,7,"(2.5, 5.0)",173
64,8,"(2.5, 7.5)",127
64,9,"(2.5, 10.0)",32
64,10,"(5.0, 0.0)",63
64,11,"(5.0, 2.5)",163
64,12,"(5.0, 5.0)",206
64,13,"(5.0, 7.5)",163
64,14,"(5.0, 10.0)",73
64,15,"(7.5, 0.0)",29
64,16,"(7.5, 2.5)",133
64,17,"(7.5, 5.0)",147
64,18,"(7.5, 7.5)",121
64,19,"(7.5, 10.0)",28
64,20,"(10.0, 0.0)",7
64,21,"(10.0, 2.5)",26
64,22,"(10.0, 5.0)",57
64,23,"(10.0, 7.5)",30
64,24,"(10.0, 10.0)",9
65,0,"(0.0, 0.0)",7
65,1,"(0.0, 2.5)",21
65,2,"(0.0, 5.0)",67
65,3,"(0.0, 7.5)",26
65,4,"(0.0, 10.0)",15
65,5,"(2.5, 0.0)",26
65,6,"(2.5, 2.5)",115
65,7,"(2.5, 5.0)",147
65,8,"(2.5, 7.5)",126
65,9,"(2.5, 10.0)",36
65,10,"(5.0, 0.0)",69
65,11,"(5.0, 2.5)",143
65,12,"(5.0, 5.0)",204
65,13,"(5.0, 7.5)",155
65,14,"(5.0, 10.0)",79
65,15,"(7.5, 0.0)",26
65,16,"(7.5, 2.5)",127
65,17,"(7.5, 5.0)",133
65,18,"(7.5, 7.5)",118
65,19,"(7.5, 10.0)",22
65,20,"(10.0, 0.0)",8
65,21,"(10.0, 2.5)",28
65,22,"(10.0, 5.0)",65
65,23,"(10.0, 7.5)",24
65,24,"(10.0, 10.0)",7
66,0,"(0.0, 0.0)",4
66,1,"(0.0, 2.5)",19
66,2,"(0.0, 5.0)",73
66,3,"(0.0, 7.5)",25
66,4,"(0.0, 10.0)",11
66,5,"(2.5, 0.0)",25
66,6,"(2.5, 2.5)",111
66,7,"(2.5, 5.0)",134
66,8,"(2.5, 7.5)",135
66,9,"(2.5, 10.0)",30
66,10,"(5.0, 0.0)",78
66,11,"(5.0, 2.5)",135
66,12,"(5.0, 5.0)",181
66,13,"(5.0, 7.5)",160
66,14,"(5.0, 10.0)",83
66,15,"(7.5, 0.0)",22
66,16,"(7.5, 2.5)",128
66,17,"(7.5, 5.0)",134
66,18,"(7.5, 7.5)",120
66,19,"(7.5, 10.0)",13
66,20,"(10.0, 0.0)",5
66,21,"(10.0, 2.5)",24
66,22,"(10.0, 5.0)",65
66,23,"(10.0, 7.5)",22
66,24,"(10.0, 10.0)",7
67,0,"(0.0, 0.0)",8
67,1,"(0.0, 2.5)",19
67,2,"(0.0, 5.0)",82
67,3,"(0.0, 7.5)",21
67,4,"(0.0, 10.0)",7
67,5,"(2.5, 0.0)",23
67,6,"(2.5, 2.5)",104
67,7,"(2.5, 5.0)",111
67,8,"(2.5, 7.5)",127
67,9,"(2.5, 10.0)",23
67,10,"(5.0, 0.0)",89
67,11,"(5.0, 2.5)",130
67,12,"(5.0, 5.0)",179
67,13,"(5.0, 7.5)",149
67,14,"(5.0, 10.0)",95
67,15,"(7.5, 0.0)",16
67,16,"(7.5, 2.5)",122
67,17,"(7.5, 5.0)",129
67,18,"(7.5, 7.5)",121
67,19,"(7.5, 10.0)",13
67,20,"(10.0, 0.0)",10
67,21,"(10.0, 2.5)",22
67,22,"(10.0, 5.0)",71
67,23,"(10.0, 7.5)",14
67,24,"(10.0, 10.0)",3
68,0,"(0.0, 0.0)",6
68,1,"(0.0, 2.5)",15
68,2,"(0.0, 5.0)",90
68,3,"(0.0, 7.5)",20
68,4,"(0.0, 10.0)",5
68,5,"(2.5, 0.0)",21
68,6,"(2.5, 2.5)",99
68,7,"(2.5, 5.0)",106
68,8,"(2.5, 7.5)",125
68,9,"(2.5, 10.0)",14
68,10,"(5.0, 0.0)",90
68,11,"(5.0, 2.5)",121
68,12,"(5.0, 5.0)",165
68,13,"(5.0, 7.5)",153
68,14,"(5.0, 10.0)",96
68,15,"(7.5, 0.0)",14
68,16,"(7.5, 2.5)",121
68,17,"(7.5, 5.0)",131
68,18,"(7.5, 7.5)",127
68,19,"(7.5, 10.0)",9
68,20,"(10.0, 0.0)",6
68,21,"(10.0, 2.5)",15
68,22,"(10.0, 5.0)",78
68,23,"(10.0, 7.5)",11
68,24,"(10.0, 10.0)",3
69,0,"(0.0, 0.0)",6
69,1,"(0.0, 2.5)",8
69,2,"(0.0, 5.0)",98
69,3,"(0.0, 7.5)",12
69,4,"(0.0, 10.0)",3
69,5,"(2.5, 0.0)",14
69,6,"(2.5, 2.5)",98
69,7,"(2.5, 5.0)",114
69,8,"(2.5, 7.5)",117
69,9,"(2.5, 10.0)",10
69,10,"(5.0, 0.0)",97
69,11,"(5.0, 2.5)",117
69,12,"(5.0, 5.0)",165
69,13,"(5.0, 7.5)",142
69,14,"(5.0, 10.0)",102
69,15,"(7.5, 0.0)",11
69,16,"(7.5, 2.5)",114
69,17,"(7.5, 5.0)",118
69,18,"(7.5, 7.5)",116
69,19,"(7.5, 10.0)",7
69,20,"(10.0, 0.0)",6
69,21,"(10.0, 2.5)",14
69,22,"(10.0, 5.0)",78
69,23,"(10.0, 7.5)",7
69,24,"(10.0, 10.0)",3
70,0,"(0.0, 0.0)",3
70,1,"(0.0, 2.5)",8
70,2,"(0.0, 5.0)",96
70,3,"(0.0, 7.5)",9
70,4,"(0.0, 10.0)",4
70,5,"(2.5, 0.0)",10
70,6,"(2.5, 2.5)",102
70,7,"(2.5, 5.0)",117
70,8,"(2.5, 7.5)",111
70,9,"(2.5, 10.0)",7
70,10,"(5.0, 0.0)",94
70,11,"(5.0, 2.5)",114
70,12,"(5.0, 5.0)",173
70,13,"(5.0, 7.5)",133
70,14,"(5.0, 10.0)",104
70,15,"(7.5, 0.0)",13
70,16,"(7.5, 2.5)",117
70,17,"(7.5, 5.0)",123
70,18,"(7.5, 7.5)",117
70,19,"(7.5, 10.0)",3
70,20,"(10.0, 0.0)",3
70,21,"(10.0, 2.5)",12
70,22,"(10.0, 5.0)",87
70,23,"(10.0, 7.5)",14
70,24,"(10.0, 10.0)",3
71,0,"(0.0, 0.0)",3
71,1,"(0.0, 2.5)",6
71,2,"(0.0, 5.0)",95
71,3,"(0.0, 7.5)",7
71,4,"(0.0, 10.0)",2
71,5,"(2.5, 0.0)",8
71,6,"(2.5, 2.5)",104
71,7,"(2.5, 5.0)",130
71,8,"(2.5, 7.5)",112
71,9,"(2.5, 10.0)",7
71,10,"(5.0, 0.0)",93
71,11,"(5.0, 2.5)",116
71,12,"(5.0, 5.0)",177
71,13,"(5.0, 7.5)",133
71,14,"(5.0, 10.0)",104
71,15,"(7.5, 0.0)",8
71,16,"(7.5, 2.5)",115
71,17,"(7.5, 5.0)",123
71,18,"(7.5, 7.5)",122
71,19,"(7.5, 10.0)",5
71,20,"(10.0, 0.0)",3
71,21,"(10.0, 2.5)",6
71,22,"(10.0, 5.0)",93
71,23,"(10.0, 7.5)",14
71,24,"(10.0, 10.0)",2
72,0,"(0.0, 0.0)",1
72,1,"(0.0, 2.5)",7
72,2,"(0.0, 5.0)",85
72,3,"(0.0, 7.5)",6
72,4,"(0.0, 10.0)",3
72,5,"(2.5, 0.0)",6
72,6,"(2.5, 2.5)",109
72,7,"(2.5, 5.0)",129
72,8,"(2.5, 7.5)",107
72,9,"(2.5, 10.0)",6
72,10,"(5.0, 0.0)",81
72,11,"(5.0, 2.5)",120
72,12,"(5.0, 5.0)",182
72,13,"(5.0, 7.5)",131
72,14,"(5.0, 10.0)",98
72,15,"(7.5, 0.0)",12
72,16,"(7.5, 2.5)",125
72,17,"(7.5, 5.0)",124
72,18,"(7.5, 7.5)",117
72,19,"(7.5, 10.0)",10
72,20,"(10.0, 0.0)",2
72,21,"(10.0, 2.5)",6
72,22,"(10.0, 5.0)",93
72,23,"(10.0, 7.5)",12
72,24,"(10.0, 10.0)",1
73,0,"(0.0, 0.0)",1
73,1,"(0.0, 2.5)",6
73,2,"(0.0, 5.0)",81
73,3,"(0.0, 7.5)",8
73,4,"(0.0, 10.0)",2
73,5,"(2.5, 0.0)",6
73,6,"(2.5, 2.5)",115
73,7,"(2.5, 5.0)",136
73,8,"(2.5, 7.5)",113
73,9,"(2.5, 10.0)",7
73,10,"(5.0, 0.0)",84
73,11,"(5.0, 2.5)",134
73,12,"(5.0, 5.0)",196
73,13,"(5.0, 7.5)",140
73,14,"(5.0, 10.0)",106
73,15,"(7.5, 0.0)",8
73,16,"(7.5, 2.5)",129
73,17,"(7.5, 5.0)",135
73,18,"(7.5, 7.5)",116
73,19,"(7.5, 10.0)",9
73,20,"(10.0, 0.0)",3
73,21,"(10.0, 2.5)",11
73,22,"(10.0, 5.0)",94
73,23,"(10.0, 7.5)",8
73,24,"(10.0, 10.0)",2
74,0,"(0.0, 0.0)",2
74,1,"(0.0, 2.5)",10
74,2,"(0.0, 5.0)",64
74,3,"(0.0, 7.5)",6
74,4,"(0.0, 10.0)",2
74,5,"(2.5, 0.0)",12
74,6,"(2.5, 2.5)",122
74,7,"(2.5, 5.0)",130
74,8,"(2.5, 7.5)",124
74,9,"(2.5, 10.0)",10
74,10,"(5.0, 0.0)",74
74,11,"(5.0, 2.5)",148
74,12,"(5.0, 5.0)",188
74,13,"(5.0, 7.5)",149
74,14,"(5.0, 10.0)",90
74,15,"(7.5, 0.0)",8
74,16,"(7.5, 2.5)",124
74,17,"(7.5, 5.0)",138
74,18,"(7.5, 7.5)",124
74,19,"(7.5, 10.0)",11
74,20,"(10.0, 0.0)",2
74,21,"(10.0, 2.5)",12
74,22,"(10.0, 5.0)",81
74,23,"(10.0, 7.5)",9
74,24,"(10.0, 10.0)",2
75,0,"(0.0, 0.0)",2
75,1,"(0.0, 2.5)",9
75,2,"(0.0, 5.0)",65
75,3,"(0.0, 7.5)",6
75,4,"(0.0, 10.0)",4
75,5,"(2.5, 0.0)",13
75,6,"(2.5, 2.5)",127
75,7,"(2.5, 5.0)",147
75,8,"(2.5, 7.5)",127
75,9,"(2.5, 10.0)",9
75,10,"(5.0, 0.0)",77
75,11,"(5.0, 2.5)",151
75,12,"(5.0, 5.0)",214
75,13,"(5.0, 7.5)",165
75,14,"(5.0, 10.0)",87
75,15,"(7.5, 0.0)",8
75,16,"(7.5, 2.5)",131
75,17,"(7.5, 5.0)",146
75,18,"(7.5, 7.5)",126
75,19,"(7.5, 10.0)",15
75,20,"(10.0, 0.0)",4
75,21,"(10.0, 2.5)",12
75,22,"(10.0, 5.0)",83
75,23,"(10.0, 7.5)",9
75,24,"(10.0, 10.0)",5
76,0,"(0.0, 0.0)",4
76,1,"(0.0, 2.5)",10
76,2,"(0.0, 5.0)",48
76,3,"(0.0, 7.5)",14
76,4,"(0.0, 10.0)",4
76,5,"(2.5, 0.0)",17
76,6,"(2.5, 2.5)",129
76,7,"(2.5, 5.0)",144
76,8,"(2.5, 7.5)",139
76,9,"(2.5, 10.0)",11
76,10,"(5.0, 0.0)",59
76,11,"(5.0, 2.5)",147
76,12,"(5.0, 5.0)",205
76,13,"(5.0, 7.5)",174
76,14,"(5.0, 10.0)",72
76,15,"(7.5, 0.0)",17
76,16,"(7.5, 2.5)",130
76,17,"(7.5, 5.0)",151
76,18,"(7.5, 7.5)",129
76,19,"(7.5, 10.0)",15
76,20,"(10.0, 0.0)",5
76,21,"(10.0, 2.5)",13
76,22,"(10.0, 5.0)",65
76,23,"(10.0, 7.5)",10
76,24,"(10.0, 10.0)",2
77,0,"(0.0, 0.0)",6
77,1,"(0.0, 2.5)",15
77,2,"(0.0, 5.0)",52
77,3,"(0.0, 7.5)",13
77,4,"(0.0, 10.0)",4
77,5,"(2.5, 0.0)",18
77,6,"(2.5, 2.5)",134
77,7,"(2.5, 5.0)",166
77,8,"(2.5, 7.5)",145
77,9,"(2.5, 10.0)",20
77,10,"(5.0, 0.0)",65
77,11,"(5.0, 2.5)",158
77,12,"(5.0, 5.0)",227
77,13,"(5.0, 7.5)",168
77,14,"(5.0, 10.0)",76
77,15,"(7.5, 0.0)",20
77,16,"(7.5, 2.5)",135
77,17,"(7.5, 5.0)",162
77,18,"(7.5, 7.5)",124
77,19,"(7.5, 10.0)",25
77,20,"(10.0, 0.0)",3
77,21,"(10.0, 2.5)",12
77,22,"(10.0, 5.0)",70
77,23,"(10.0, 7.5)",16
77,24,"(10.0, 10.0)",4
78,0,"(0.0, 0.0)",8
78,1,"(0.0, 2.5)",26
78,2,"(0.0, 5.0)",48
78,3,"(0.0, 7.5)",20
78,4,"(0.0, 10.0)",4
78,5,"(2.5, 0.0)",23
78,6,"(2.5, 2.5)",126
78,7,"(2.5, 5.0)",177
78,8,"(2.5, 7.5)",142
78,9,"(2.5, 10.0)",26
78,10,"(5.0, 0.0)",57
78,11,"(5.0, 2.5)",153
78,12,"(5.0, 5.0)",212
78,13,"(5.0, 7.5)",166
78,14,"(5.0, 10.0)",64
78,15,"(7.5, 0.0)",28
78,16,"(7.5, 2.5)",150
78,17,"(7.5, 5.0)",161
78,18,"(7.5, 7.5)",126
78,19,"(7.5, 10.0)",29
78,20,"(10.0, 0.0)",2
78,21,"(10.0, 2.5)",14
78,22,"(10.0, 5.0)",55
78,23,"(10.0, 7.5)",15
78,24,"(10.0, 10.0)",3
79,0,"(0.0, 0.0)",10
79,1,"(0.0, 2.5)",27
79,2,"(0.0, 5.0)",60
79,3,"(0.0, 7.5)",21
79,4,"(0.0, 10.0)",9
79,5,"(2.5, 0.0)",21
79,6,"(2.5, 2.5)",136
79,7,"(2.5, 5.0)",176
79,8,"(2.5, 7.5)",140
79,9,"(2.5, 10.0)",29
79,10,"(5.0, 0.0)",62
79,11,"(5.0, 2.5)",167
79,12,"(5.0, 5.0)",219
79,13,"(5.0, 7.5)",171
79,14,"(5.0, 10.0)",64
79,15,"(7.5, 0.0)",29
79,16,"(7.5, 2.5)",155
79,17,"(7.5, 5.0)",171
79,18,"(7.5, 7.5)",134
79,19,"(7.5, 10.0)",33
79,20,"(10.0, 0.0)",4
79,21,"(10.0, 2.5)",14
79,22,"(10.0, 5.0)",60
79,23,"(10.0, 7.5)",18
79,24,"(10.0, 10.0)",5
80,0,"(0.0, 0.0)",6
80,1,"(0.0, 2.5)",23
80,2,"(0.0, 5.0)",57
80,3,"(0.0, 7.5)",17
80,4,"(0.0, 10.0)",8
80,5,"(2.5, 0.0)",16
80,6,"(2.5, 2.5)",133
80,7,"(2.5, 5.0)",169
80,8,"(2.5, 7.5)",133
80,9,"(2.5, 10.0)",36
80,10,"(5.0, 0.0)",62
80,11,"(5.0, 2.5)",170
80,12,"(5.0, 5.0)",212
80,13,"(5.0, 7.5)",158
80,14,"(5.0, 10.0)",56
80,15,"(7.5, 0.0)",34
80,16,"(7.5, 2.5)",152
80,17,"(7.5, 5.0)",155
80,18,"(7.5, 7.5)",149
80,19,"(7.5, 10.0)",30
80,20,"(10.0, 0.0)",6
80,21,"(10.0, 2.5)",24
80,22,"(10.0, 5.0)",52
80,23,"(10.0, 7.5)",24
80,24,"(10.0, 10.0)",8
81,0,"(0.0, 0.0)",5
81,1,"(0.0, 2.5)",30
81,2,"(0.0, 5.0)",70
81,3,"(0.0, 7.5)",22
81,4,"(0.0, 10.0)",11
81,5,"(2.5, 0.0)",20
81,6,"(2.5, 2.5)",129
81,7,"(2.5, 5.0)",159
81,8,"(2.5, 7.5)",132
81,9,"(2.5, 10.0)",29
81,10,"(5.0, 0.0)",70
81,11,"(5.0, 2.5)",165
81,12,"(5.0, 5.0)",220
81,13,"(5.0, 7.5)",161
81,14,"(5.0, 10.0)",60
81,15,"(7.5, 0.0)",32
81,16,"(7.5, 2.5)",143
81,17,"(7.5, 5.0)",160
81,18,"(7.5, 7.5)",143
81,19,"(7.5, 10.0)",31
81,20,"(10.0, 0.0)",6
81,21,"(10.0, 2.5)",27
81,22,"(10.0, 5.0)",57
81,23,"(10.0, 7.5)",25
81,24,"(10.0, 10.0)",9
82,0,"(0.0, 0.0)",7
82,1,"(0.0, 2.5)",32
82,2,"(0.0, 5.0)",69
82,3,"(0.0, 7.5)",20
82,4,"(0.0, 10.0)",7
82,5,"(2.5, 0.0)",20
82,6,"(2.5, 2.5)",138
82,7,"(2.5, 5.0)",159
82,8,"(2.5, 7.5)",122
82,9,"(2.5, 10.0)",25
82,10,"(5.0, 0.0)",69
82,11,"(5.0, 2.5)",163
82,12,"(5.0, 5.0)",192
82,13,"(5.0, 7.5)",149
82,14,"(5.0, 10.0)",59
82,15,"(7.5, 0.0)",37
82,16,"(7.5, 2.5)",136
82,17,"(7.5, 5.0)",155
82,18,"(7.5, 7.5)",141
82,19,"(7.5, 10.0)",31
82,20,"(10.0, 0.0)",6
82,21,"(10.0, 2.5)",28
82,22,"(10.0, 5.0)",60
82,23,"(10.0, 7.5)",25
82,24,"(10.0, 10.0)",8
83,0,"(0.0, 0.0)",9
83,1,"(0.0, 2.5)",26
83,2,"(0.0, 5.0)",72
83,3,"(0.0, 7.5)",20
83,4,"(0.0, 10.0)",4
83,5,"(2.5, 0.0)",25
83,6,"(2.5, 2.5)",138
83,7,"(2.5, 5.0)",159
83,8,"(2.5, 7.5)",119
83,9,"(2.5, 10.0)",25
83,10,"(5.0, 0.0)",67
83,11,"(5.0, 2.5)",159
83,12,"(5.0, 5.0)",192
83,13,"(5.0, 7.5)",147
83,14,"(5.0, 10.0)",70
83,15,"(7.5, 0.0)",28
83,16,"(7.5, 2.5)",132
83,17,"(7.5, 5.0)",149
83,18,"(7.5, 7.5)",124
83,19,"(7.5, 10.0)",34
83,20,"(10.0, 0.0)",7
83,21,"(10.0, 2.5)",18
83,22,"(10.0, 5.0)",73
83,23,"(10.0, 7.5)",22
83,24,"(10.0, 10.0)",9
84,0,"(0.0, 0.0)",8
84,1,"(0.0, 2.5)",25
84,2,"(0.0, 5.0)",80
84,3,"(0.0, 7.5)",12
84,4,"(0.0, 10.0)",6
84,5,"(2.5, 0.0)",26
84,6,"(2.5, 2.5)",135
84,7,"(2.5, 5.0)",153
84,8,"(2.5, 7.5)",113
84,9,"(2.5, 10.0)",24
84,10,"(5.0, 0.0)",84
84,11,"(5.0, 2.5)",156
84,12,"(5.0, 5.0)",187
84,13,"(5.0, 7.5)",149
84,14,"(5.0, 10.0)",76
84,15,"(7.5, 0.0)",19
84,16,"(7.5, 2.5)",128
84,17,"(7.5, 5.0)",145
84,18,"(7.5, 7.5)",126
84,19,"(7.5, 10.0)",27
84,20,"(10.0, 0.0)",4
84,21,"(10.0, 2.5)",19
84,22,"(10.0, 5.0)",74
84,23,"(10.0, 7.5)",24
84,24,"(10.0, 10.0)",7
85,0,"(0.0, 0.0)",9
85,1,"(0.0, 2.5)",23
85,2,"(0.0, 5.0)",84
85,3,"(0.0, 7.5)",11
85,4,"(0.0, 10.0)",5
85,5,"(2.5, 0.0)",22
85,6,"(2.5, 2.5)",118
85,7,"(2.5, 5.0)",135
85,8,"(2.5, 7.5)",108
85,9,"(2.5, 10.0)",17
85,10,"(5.0, 0.0)",86
85,11,"(5.0, 2.5)",151
85,12,"(5.0, 5.0)",184
85,13,"(5.0, 7.5)",130
85,14,"(5.0, 10.0)",78
85,15,"(7.5, 0.0)",18
85,16,"(7.5, 2.5)",116
85,17,"(7.5, 5.0)",148
85,18,"(7.5, 7.5)",131
85,19,"(7.5, 10.0)",22
85,20,"(10.0, 0.0)",6
85,21,"(10.0, 2.5)",14
85,22,"(10.0, 5.0)",81
85,23,"(10.0, 7.5)",19
85,24,"(10.0, 10.0)",6
86,0,"(0.0, 0.0)",8
86,1,"(0.0, 2.5)",21
86,2,"(0.0, 5.0)",88
86,3,"(0.0, 7.5)",8
86,4,"(0.0, 10.0)",4
86,5,"(2.5, 0.0)",19
86,6,"(2.5, 2.5)",117
86,7,"(2.5, 5.0)",134
86,8,"(2.5, 7.5)",115
86,9,"(2.5, 10.0)",17
86,10,"(5.0, 0.0)",88
86,11,"(5.0, 2.5)",140
86,12,"(5.0, 5.0)",182
86,13,"(5.0, 7.5)",129
86,14,"(5.0, 10.0)",83
86,15,"(7.5, 0.0)",19
86,16,"(7.5, 2.5)",114
86,17,"(7.5, 5.0)",136
86,18,"(7.5, 7.5)",129
86,19,"(7.5, 10.0)",17
86,20,"(10.0, 0.0)",7
86,21,"(10.0, 2.5)",13
86,22,"(10.0, 5.0)",77
86,23,"(10.0, 7.5)",16
86,24,"(10.0, 10.0)",6
87,0,"(0.0, 0.0)",2
87,1,"(0.0, 2.5)",12
87,2,"(0.0, 5.0)",93
87,3,"(0.0, 7.5)",6
87,4,"(0.0, 10.0)",3
87,5,"(2.5, 0.0)",9
87,6,"(2.5, 2.5)",110
87,7,"(2.5, 5.0)",137
87,8,"(2.5, 7.5)",109
87,9,"(2.5, 10.0)",13
87,10,"(5.0, 0.0)",94
87,11,"(5.0, 2.5)",150
87,12,"(5.0, 5.0)",181
87,13,"(5.0, 7.5)",126
87,14,"(5.0, 10.0)",82
87,15,"(7.5, 0.0)",17
87,16,"(7.5, 2.5)",108
87,17,"(7.5, 5.0)",130
87,18,"(7.5, 7.5)",123
87,19,"(7.5, 10.0)",12
87,20,"(10.0, 0.0)",6
87,21,"(10.0, 2.5)",15
87,22,"(10.0, 5.0)",84
87,23,"(10.0, 7.5)",11
87,24,"(10.0, 10.0)",4
88,0,"(0.0, 0.0)",3
88,1,"(0.0, 2.5)",5
88,2,"(0.0, 5.0)",96
88,3,"(0.0, 7.5)",11
88,4,"(0.0, 10.0)",2
88,5,"(2.5, 0.0)",10
88,6,"(2.5, 2.5)",113
88,7,"(2.5, 5.0)",130
88,8,"(2.5, 7.5)",111
88,9,"(2.5, 10.0)",18
88,10,"(5.0, 0.0)",101
88,11,"(5.0, 2.5)",150
88,12,"(5.0, 5.0)",187
88,13,"(5.0, 7.5)",122
88,14,"(5.0, 10.0)",84
88,15,"(7.5, 0.0)",14
88,16,"(7.5, 2.5)",106
88,17,"(7.5, 5.0)",129
88,18,"(7.5, 7.5)",118
88,19,"(7.5, 10.0)",12
88,20,"(10.0, 0.0)",4
88,21,"(10.0, 2.5)",12
88,22,"(10.0, 5.0)",84
88,23,"(10.0, 7.5)",10
88,24,"(10.0, 10.0)",4
89,0,"(0.0, 0.0)",1
89,1,"(0.0, 2.5)",6
89,2,"(0.0, 5.0)",98
89,3,"(0.0, 7.5)",7
89,4,"(0.0, 10.0)",4
89,5,"(2.5, 0.0)",6
89,6,"(2.5, 2.5)",112
89,7,"(2.5, 5.0)",139
89,8,"(2.5, 7.5)",104
89,9,"(2.5, 10.0)",12
89,10,"(5.0, 0.0)",104
89,11,"(5.0, 2.5)",154
89,12,"(5.0, 5.0)",189
89,13,"(5.0, 7.5)",130
89,14,"(5.0, 10.0)",92
89,15,"(7.5, 0.0)",11
89,16,"(7.5, 2.5)",105
89,17,"(7.5, 5.0)",131
89,18,"(7.5, 7.5)",115
89,19,"(7.5, 10.0)",10
89,20,"(10.0, 0.0)",4
89,21,"(10.0, 2.5)",8
89,22,"(10.0, 5.0)",88
89,23,"(10.0, 7.5)",7
89,24,"(10.0, 10.0)",2
90,0,"(0.0, 0.0)",1
90,1,"(0.0, 2.5)",5
90,2,"(0.0, 5.0)",97
90,3,"(0.0, 7.5)",10
90,4,"(0.0, 10.0)",2
90,5,"(2.5, 0.0)",5
90,6,"(2.5, 2.5)",113
90,7,"(2.5, 5.0)",143
90,8,"(2.5, 7.5)",104
90,9,"(2.5, 10.0)",8
90,10,"(5.0, 0.0)",96
90,11,"(5.0, 2.5)",146
90,12,"(5.0, 5.0)",184
90,13,"(5.0, 7.5)",130
90,14,"(5.0, 10.0)",84
90,15,"(7.5, 0.0)",5
90,16,"(7.5, 2.5)",116
90,17,"(7.5, 5.0)",124
90,18,"(7.5, 7.5)",115
90,19,"(7.5, 10.0)",10
90,20,"(10.0, 0.0)",2
90,21,"(10.0, 2.5)",7
90,22,"(10.0, 5.0)",90
90,23,"(10.0, 7.5)",6
90,24,"(10.0, 10.0)",1
91,0,"(0.0, 0.0)",1
91,1,"(0.0, 2.5)",6
91,2,"(0.0, 5.0)",99
91,3,"(0.0, 7.5)",7
91,4,"(0.0, 10.0)",2
91,5,"(2.5, 0.0)",4
91,6,"(2.5, 2.5)",113
91,7,"(2.5, 5.0)",151
91,8,"(2.5, 7.5)",109
91,9,"(2.5, 10.0)",12
91,10,"(5.0, 0.0)",98
91,11,"(5.0, 2.5)",146
91,12,"(5.0, 5.0)",192
91,13,"(5.0, 7.5)",136
91,14,"(5.0, 10.0)",88
91,15,"(7.5, 0.0)",9
91,16,"(7.5, 2.5)",119
91,17,"(7.5, 5.0)",134
91,18,"(7.5, 7.5)",109
91,19,"(7.5, 10.0)",9
91,20,"(10.0, 0.0)",2
91,21,"(10.0, 2.5)",6
91,22,"(10.0, 5.0)",94
91,23,"(10.0, 7.5)",5
91,24,"(10.0, 10.0)",1
92,0,"(0.0, 0.0)",3
92,1,"(0.0, 2.5)",12
92,2,"(0.0, 5.0)",90
92,3,"(0.0, 7.5)",10
92,4,"(0.0, 10.0)",3
92,5,"(2.5, 0.0)",6
92,6,"(2.5, 2.5)",116
92,7,"(2.5, 5.0)",146
92,8,"(2.5, 7.5)",103
92,9,"(2.5, 10.0)",10
92,10,"(5.0, 0.0)",85
92,11,"(5.0, 2.5)",142
92,12,"(5.0, 5.0)",189
92,13,"(5.0, 7.5)",138
92,14,"(5.0, 10.0)",79
92,15,"(7.5, 0.0)",12
92,16,"(7.5, 2.5)",127
92,17,"(7.5, 5.0)",143
92,18,"(7.5, 7.5)",114
92,19,"(7.5, 10.0)",8
92,20,"(10.0, 0.0)",2
92,21,"(10.0, 2.5)",16
92,22,"(10.0, 5.0)",81
92,23,"(10.0, 7.5)",9
92,24,"(10.0, 10.0)",2
93,0,"(0.0, 0.0)",3
93,1,"(0.0, 2.5)",10
93,2,"(0.0, 5.0)",88
93,3,"(0.0, 7.5)",10
93,4,"(0.0, 10.0)",3
93,5,"(2.5, 0.0)",11
93,6,"(2.5, 2.5)",114
93,7,"(2.5, 5.0)",154
93,8,"(2.5, 7.5)",105
93,9,"(2.5, 10.0)",16
93,10,"(5.0, 0.0)",87
93,11,"(5.0, 2.5)",161
93,12,"(5.0, 5.0)",216
93,13,"(5.0, 7.5)",134
93,14,"(5.0, 10.0)",81
93,15,"(7.5, 0.0)",13
93,16,"(7.5, 2.5)",131
93,17,"(7.5, 5.0)",163
93,18,"(7.5, 7.5)",117
93,19,"(7.5, 10.0)",11
93,20,"(10.0, 0.0)",3
93,21,"(10.0, 2.5)",13
93,22,"(10.0, 5.0)",83
93,23,"(10.0, 7.5)",8
93,24,"(10.0, 10.0)",2
94,0,"(0.0, 0.0)",3
94,1,"(0.0, 2.5)",12
94,2,"(0.0, 5.0)",81
94,3,"(0.0, 7.5)",9
94,4,"(0.0, 10.0)",4
94,5,"(2.5, 0.0)",17
94,6,"(2.5, 2.5)",115
94,7,"(2.5, 5.0)",156
94,8,"(2.5, 7.5)",107
94,9,"(2.5, 10.0)",21
94,10,"(5.0, 0.0)",74
94,11,"(5.0, 2.5)",165
94,12,"(5.0, 5.0)",220
94,13,"(5.0, 7.5)",132
94,14,"(5.0, 10.0)",70
94,15,"(7.5, 0.0)",12
94,16,"(7.5, 2.5)",115
94,17,"(7.5, 5.0)",159
94,18,"(7.5, 7.5)",127
94,19,"(7.5, 10.0)",14
94,20,"(10.0, 0.0)",3
94,21,"(10.0, 2.5)",19
94,22,"(10.0, 5.0)",74
94,23,"(10.0, 7.5)",13
94,24,"(10.0, 10.0)",5
95,0,"(0.0, 0.0)",3
95,1,"(0.0, 2.5)",13
95,2,"(0.0, 5.0)",85
95,3,"(0.0, 7.5)",15
95,4,"(0.0, 10.0)",7
95,5,"(2.5, 0.0)",14
95,6,"(2.5, 2.5)",121
95,7,"(2.5, 5.0)",157
95,8,"(2.5, 7.5)",102
95,9,"(2.5, 10.0)",17
95,10,"(5.0, 0.0)",75
95,11,"(5.0, 2.5)",180
95,12,"(5.0, 5.0)",237
95,13,"(5.0, 7.5)",152
95,14,"(5.0, 10.0)",73
95,15,"(7.5, 0.0)",14
95,16,"(7.5, 2.5)",122
95,17,"(7.5, 5.0)",171
95,18,"(7.5, 7.5)",129
95,19,"(7.5, 10.0)",17
95,20,"(10.0, 0.0)",4
95,21,"(10.0, 2.5)",16
95,22,"(10.0, 5.0)",80
95,23,"(10.0, 7.5)",19
95,24,"(10.0, 10.0)",11
96,0,"(0.0, 0.0)",5
96,1,"(0.0, 2.5)",22
96,2,"(0.0, 5.0)",58
96,3,"(0.0, 7.5)",15
96,4,"(0.0, 10.0)",7
96,5,"(2.5, 0.0)",19
96,6,"(2.5, 2.5)",127
96,7,"(2.5, 5.0)",164
96,8,"(2.5, 7.5)",105
96,9,"(2.5, 10.0)",17
96,10,"(5.0, 0.0)",69
96,11,"(5.0, 2.5)",185
96,12,"(5.0, 5.0)",231
96,13,"(5.0, 7.5)",155
96,14,"(5.0, 10.0)",62
96,15,"(7.5, 0.0)",13
96,16,"(7.5, 2.5)",119
96,17,"(7.5, 5.0)",173
96,18,"(7.5, 7.5)",122
96,19,"(7.5, 10.0)",22
96,20,"(10.0, 0.0)",4
96,21,"(10.0, 2.5)",22
96,22,"(10.0, 5.0)",66
96,23,"(10.0, 7.5)",26
96,24,"(10.0, 10.0)",10
97,0,"(0.0, 0.0)",7
97,1,"(0.0, 2.5)",18
97,2,"(0.0, 5.0)",64
97,3,"(0.0, 7.5)",14
97,4,"(0.0, 10.0)",6
97,5,"(2.5, 0.0)",19
97,6,"(2.5, 2.5)",139
97,7,"(2.5, 5.0)",156
97,8,"(2.5, 7.5)",116
97,9,"(2.5, 10.0)",17
97,10,"(5.0, 0.0)",72
97,11,"(5.0, 2.5)",188
97,12,"(5.0, 5.0)",253
97,13,"(5.0, 7.5)",163
97,14,"(5.0, 10.0)",66
97,15,"(7.5, 0.0)",14
97,16,"(7.5, 2.5)",135
97,17,"(7.5, 5.0)",175
97,18,"(7.5, 7.5)",132
97,19,"(7.5, 10.0)",24
97,20,"(10.0, 0.0)",3
97,21,"(10.0, 2.5)",18
97,22,"(10.0, 5.0)",74
97,23,"(10.0, 7.5)",25
97,24,"(10.0, 10.0)",11
98,0,"(0.0, 0.0)",7
98,1,"(0.0, 2.5)",19
98,2,"(0.0, 5.0)",58
98,3,"(0.0, 7.5)",16
98,4,"(0.0, 10.0)",2
98,5,"(2.5, 0.0)",20
98,6,"(2.5, 2.5)",132
98,7,"(2.5, 5.0)",148
98,8,"(2.5, 7.5)",126
98,9,"(2.5, 10.0)",17
98,10,"(5.0, 0.0)",58
98,11,"(5.0, 2.5)",193
98,12,"(5.0, 5.0)",231
98,13,"(5.0, 7.5)",159
98,14,"(5.0, 10.0)",61
98,15,"(7.5, 0.0)",18
98,16,"(7.5, 2.5)",132
98,17,"(7.5, 5.0)",170
98,18,"(7.5, 7.5)",143
98,19,"(7.5, 10.0)",25
98,20,"(10.0, 0.0)",6
98,21,"(10.0, 2.5)",27
98,22,"(10.0, 5.0)",61
98,23,"(10.0, 7.5)",21
98,24,"(10.0, 10.0)",7
99,0,"(0.0, 0.0)",6
99,1,"(0.0, 2.5)",19
99,2,"(0.0, 5.0)",63
99,3,"(0.0, 7.5)",14
99,4,"(0.0, 10.0)",5
99,5,"(2.5, 0.0)",26
99,6,"(2.5, 2.5)",134
99,7,"(2.5, 5.0)",156
99,8,"(2.5, 7.5)",127
99,9,"(2.5, 10.0)",22
99,10,"(5.0, 0.0)",64
99,11,"(5.0, 2.5)",191
99,12,"(5.0, 5.0)",222
99,13,"(5.0, 7.5)",166
99,14,"(5.0, 10.0)",64
99,15,"(7.5, 0.0)",23
99,16,"(7.5, 2.5)",137
99,17,"(7.5, 5.0)",159
99,18,"(7.5, 7.5)",135
99,19,"(7.5, 10.0)",22
99,20,"(10.0, 0.0)",7
99,21,"(10.0, 2.5)",21
99,22,"(10.0, 5.0)",60
99,23,"(10.0, 7.5)",23
99,24,"(10.0, 10.0)",4
100,0,"(0.0, 0.0)",4
100,1,"(0.0, 2.5)",18
100,2,"(0.0, 5.0)",65
100,3,"(0.0, 7.5)",13
100,4,"(0.0, 10.0)",4
100,5,"(2.5, 0.0)",25
100,6,"(2.5, 2.5)",141
100,7,"(2.5, 5.0)",156
100,8,"(2.5, 7.5)",125
100,9,"(2.5, 10.0)",24
100,10,"(5.0, 0.0)",73
100,11,"(5.0, 2.5)",164
100,12,"(5.0, 5.0)",203
100,13,"(5.0, 7.5)",151
100,14,"(5.0, 10.0)",63
100,15,"(7.5, 0.0)",24
100,16,"(7.5, 2.5)",128
100,17,"(7.5, 5.0)",155
100,18,"(7.5, 7.5)",131
100,19,"(7.5, 10.0)",22
100,20,"(10.0, 0.0)",6
100,21,"(10.0, 2.5)",26
100,22,"(10.0, 5.0)",64
100,23,"(10.0, 7.5)",23
100,24,"(10.0, 10.0)",6
101,0,"(0.0, 0.0)",10
101,1,"(0.0, 2.5)",22
101,2,"(0.0, 5.0)",70
101,3,"(0.0, 7.5)",22
101,4,"(0.0, 10.0)",6
101,5,"(2.5, 0.0)",26
101,6,"(2.5, 2.5)",130
101,7,"(2.5, 5.0)",140
101,8,"(2.5, 7.5)",117
101,9,"(2.5, 10.0)",24
101,10,"(5.0, 0.0)",77
101,11,"(5.0, 2.5)",157
101,12,"(5.0, 5.0)",201
101,13,"(5.0, 7.5)",147
101,14,"(5.0, 10.0)",75
101,15,"(7.5, 0.0)",25
101,16,"(7.5, 2.5)",122
101,17,"(7.5, 5.0)",150
101,18,"(7.5, 7.5)",121
101,19,"(7.5, 10.0)",26
101,20,"(10.0, 0.0)",7
101,21,"(10.0, 2.5)",24
101,22,"(10.0, 5.0)",74
101,23,"(10.0, 7.5)",22
101,24,"(10.0, 10.0)",9
