,poi_x,poi_y,poi_x_km,poi_y_km,poi_name,poi_area,place_name
0,-80.96727713107312,46.462608418518066,-9013.358257508191,5157.349534455505,Laurentian University,1815416.3895636136,Greater Sudbury
1,-80.93204645688823,46.542049006717825,-9009.436343627254,5166.167439745678,Timberwolf Golf Club,1139763.4731789262,Greater Sudbury
2,-81.19578435617605,46.591529556069176,-9038.795910313873,5171.6597807236785,Chelmsford Golf Course,800857.9096184911,Greater Sudbury
3,-80.99079431224345,46.402552432602725,-9015.976213633254,5150.683320018902,Kivi Park,685015.127162037,Greater Sudbury
4,-80.98419314829385,46.46604501481725,-9015.24136546122,5157.730996644715,Idylwylde Golf & Country Club,674195.5203686104,Greater Sudbury
5,-80.99992786625852,46.60212707937798,-9016.992969999765,5172.836105810956,Monte Vista Golf Club,659959.1437819396,Greater Sudbury
6,-81.13305188538786,46.4441015283405,-9031.812468933262,5155.295269645795,Lively Golf & Country Club,640298.0494654374,Greater Sudbury
7,-80.88656418481926,46.41796405207202,-9004.373211618265,5152.394009779994,Pine Grove Golf Club,514366.99088208564,Greater Sudbury
8,-80.9090686281217,46.546084427268994,-9006.878428751135,5166.6153714268585,Cedar Green Golf Club,500780.67291478056,Greater Sudbury
9,-81.1923125202805,46.53601415113108,-9038.409422070145,5165.497570775549,Forest Ridge Golf & Country Club,491938.99456737854,Greater Sudbury
10,-80.9406985889044,46.529125054526446,-9010.399507615426,5164.732881052436,Cambrian College,397952.32478206826,Greater Sudbury
11,-80.9933144619491,46.51487518237927,-9016.256759218635,5163.151145244099,Collège Boréal,352933.40290180425,Greater Sudbury
12,-80.99627112439347,46.46696837460483,-9016.585897838606,5157.833489581137,Health Sciences North,206590.1452391937,Greater Sudbury
13,-80.99020033192836,46.477634793257465,-9015.910091150598,5159.017462051579,Bell Park,169857.36160635782,Greater Sudbury
14,-80.97897596952697,46.60232506869105,-9014.660583903711,5172.858082624707,Kalmo Park Conservation Area,160967.2371570896,Greater Sudbury
15,-81.09490716090178,46.42720793236898,-9027.566160058746,5153.420080492957,Fielding Memorial Park,155558.43185605176,Greater Sudbury
16,-81.02092373963723,46.47987851636397,-9019.330251620155,5159.266515316401,Delki Dozzi Park,134150.35282748946,Greater Sudbury
17,-80.91389020266045,46.43476351511706,-9007.415171250364,5154.2587501779935,Mine Mill 598 Campground,133199.31449757575,Greater Sudbury
18,-81.43832723325312,46.47259300966742,-9065.79602593297,5158.457824073083,Fairbank Provincial Park Campground,124350.5276754769,Greater Sudbury
19,-80.941078263755,46.499250097736265,-9010.44177339947,5161.416760848725,Civic Cemetery,103021.8923897515,Greater Sudbury
20,-81.31168775133006,46.57484814933989,-9051.698392165812,5169.808144576728,Wilderness Park,99364.02212122573,Greater Sudbury
21,-80.97767902825285,46.52352647670919,-9014.516207104136,5164.111438914721,Lasalle Cemetery,89086.51551148861,Greater Sudbury
22,-80.841048836163,46.48514525043269,-8999.306397490502,5159.851122798028,Twin Stacks Golf Course,87582.09351157084,Greater Sudbury
23,-80.92701568302702,46.51880777609532,-9008.87631285025,5163.587663146581,St. Charles College,83968.18718527803,Greater Sudbury
24,-80.99986572505027,46.46924290265899,-9016.98605237832,5158.085962195148,James Jerome Sports Complex,81709.96361685157,Greater Sudbury
25,-80.99749338956553,46.51509973225009,-9016.721961619825,5163.17607027976,Terry Fox Sports Complex,80071.08351024817,Greater Sudbury
26,-81.0023159311149,46.511048041934075,-9017.25881176764,5162.726332654683,Selkirk Park,77930.28189458718,Greater Sudbury
27,-80.98892037849261,46.51992695551911,-9015.767605454175,5163.711892062622,École secondaire Macdonald-Cartier,75812.08322965141,Greater Sudbury
28,-81.0196476560739,46.6119786433419,-9019.188196721803,5173.929629410951,Confederation Secondary School,73951.22157300498,Greater Sudbury
29,-81.03457169628187,46.46561059338966,-9020.849555801795,5157.682775866253,Sudbury Plant,72648.22273150287,Greater Sudbury
30,-81.01416771599234,46.483625382757054,-9018.578164311983,5159.682417486033,Park Lawn Cemetery,65483.95752076312,Greater Sudbury
31,-81.19400158094642,46.570908699050975,-9038.597449992536,5169.370865594658,Chelmsford Valley District School,64060.08363048986,Greater Sudbury
32,-80.93889519099118,46.5245468933644,-9010.198751556329,5164.224705163449,Lasalle Secondary School,63180.01604846063,Greater Sudbury
33,-80.98864446377442,46.500362151994494,-9015.736890351833,5161.540198871389,École secondaire du Sacré-Coeur,60518.39199287773,Greater Sudbury
34,-80.96221396590045,46.47777538434708,-9012.794620898003,5159.033067662526,Kirkwood Place,58856.95278136916,Greater Sudbury
35,-80.88014572626705,46.55153687096908,-9003.658702393774,5167.220592677568,Lorne Brady Park,57753.781080188244,Greater Sudbury
36,-81.14777647850381,46.4322970529666,-9033.451625363523,5153.984972879292,Anderson Farm Museum,57191.850168888916,Greater Sudbury
37,-80.98388742995422,46.4338040863135,-9015.207332589935,5154.152253580799,St. Benedict Catholic Secondary School,53090.56742492034,Greater Sudbury
38,-80.94681516005366,46.52004764929033,-9011.080410432332,5163.725289071227,New Sudbury Centre,50799.55003563621,Greater Sudbury
39,-80.98855478615265,46.448548259659084,-9015.726907349299,5155.788856822159,Lo-Ellen Park Secondary School,50390.40220140083,Greater Sudbury
40,-81.19366562663024,46.5752984781287,-9038.560051222104,5169.858131072286,Côté Park,48584.653663323814,Greater Sudbury
41,-80.8585720395739,46.56020340665215,-9001.257098017406,5168.182578138389,Northeastern Elementary School,48156.613412776685,Greater Sudbury
42,-80.92583685967004,46.528969296939884,-9008.745085055329,5164.715591960327,Twin Forks Playgound,46650.56757067661,Greater Sudbury
43,-81.00896397351511,46.596539252820286,-9017.998878495675,5172.215857063052,École secondaire catholique l'Horizon,46519.94615836643,Greater Sudbury
44,-80.91764235902909,46.43356052090781,-9007.832865049477,5154.125217820767,Carol Campsite,45002.10356716987,Greater Sudbury
45,-80.99417598328105,46.50676174138967,-9016.35266463483,5162.250553294253,Queen Elizabeth II Public School,42107.104963170255,Greater Sudbury
46,-80.93358780805805,46.485415271813864,-9009.60792838083,5159.8810951713385,Korpela Park,41901.99241417032,Greater Sudbury
47,-81.1997907669112,46.57157989600821,-9039.241907963322,5169.445368456912,École secondaire catholique Champlain,41644.243044167146,Greater Sudbury
48,-81.14082020823314,46.436545778387526,-9032.67724640072,5154.456581401016,Lively District Secondary School,41613.54824105153,Greater Sudbury
49,-81.15078782258242,46.45036882126069,-9033.786851197698,5155.990939159937,Meatbird Park,40953.70944840949,Greater Sudbury
50,-80.8117802789718,46.578970169883284,-8996.048192435419,5170.265688857045,Falconbridge Centennial Park,39962.86484887107,Greater Sudbury
51,-81.01669412222314,46.595679523464256,-9018.859406380003,5172.120427104533,Valley View Public School,39850.88327993363,Greater Sudbury
52,-80.96859915403945,46.520531613285605,-9013.505426426826,5163.779009074702,École séparée Félix-Ricard,38309.40066927788,Greater Sudbury
53,-81.00496831845904,46.46564113434491,-9017.554078179179,5157.686165912284,Lockerby Composite School,36306.10580284112,Greater Sudbury
54,-80.90936436790591,46.474588205821206,-9006.911350799654,5158.679290846154,Moonlight Beach Park,35226.664264337196,Greater Sudbury
55,-81.03310690183795,46.4739261409339,-9020.686493419502,5158.605801643663,Dynamic Earth,33838.75383413318,Greater Sudbury
56,-81.01526576870722,46.609468257849876,-9018.700400638256,5173.650976621337,École élémentaire catholique Jean-Paul II,32468.83638852398,Greater Sudbury
57,-81.05147010098914,46.60036053285467,-9022.73070311221,5172.640019146868,Langdon Park,31259.267707557912,Greater Sudbury
58,-80.93486306648076,46.51887205002049,-9009.749891423704,5163.594797552274,Churchill Public School,30567.214347407342,Greater Sudbury
59,-81.11857632393773,46.43106051571838,-9030.201034957072,5153.84771724474,Saint Stanislaus Cemetery,30449.054450259686,Greater Sudbury
60,-80.92184516921293,46.52572619966959,-9008.300726081952,5164.355608163325,École séparée Saint-Dominique,30239.36913154743,Greater Sudbury
61,-81.14004083177467,46.4386584420922,-9032.590485433988,5154.691087072234,Walden Public School,30083.971733995415,Greater Sudbury
62,-80.99035930947936,46.49035013509905,-9015.927788690551,5160.428864995994,Tom Davies Square,29520.988404245676,Greater Sudbury
63,-80.95121176319847,46.53193843831929,-9011.569844691017,5165.045166653441,Ernie Checkeris Public School,29087.116033097507,Greater Sudbury
64,-81.0061875633238,46.4627985384301,-9017.689805736769,5157.370637765741,MacLeod Public School,28771.27615057856,Greater Sudbury
65,-80.93661346234101,46.50147033419428,-9009.944747241263,5161.663207095565,Off-Leash Dog Park,27473.123031772975,Greater Sudbury
66,-80.99896482519284,46.49677228368748,-9016.885763305292,5161.14172348931,Sudbury Secondary School,26824.801814567247,Greater Sudbury
67,-80.99282763648426,46.493992251438534,-9016.202565321064,5160.833139909677,Rainbow Centre,26426.390136241247,Greater Sudbury
68,-80.92940512699133,46.491467666936146,-9009.142308141802,5160.552911029912,Pius XII Catholic School,26299.918818495982,Greater Sudbury
69,-80.96647802506898,46.4665525241443,-9013.269300228703,5157.787330180017,St. Joseph's Continuing Care,25898.09154564727,Greater Sudbury
70,-81.07392783798728,46.474802281752694,-9025.230720852582,5158.703053274549,Copper Cliff Public School,25845.231397548563,Greater Sudbury
71,-81.00796312361194,46.483959695650874,-9017.887462883606,5159.719526217247,Eyre Cemetery,25417.427621145223,Greater Sudbury
72,-81.0008777608696,46.610983972370136,-9017.098713217765,5173.8192209330855,École publique de la Découverte,25350.201519061367,Greater Sudbury
73,-81.01283595645297,46.497353987276014,-9018.429911508301,5161.206292587638,Elm West Park,25112.196512164417,Greater Sudbury
74,-80.92779303872513,46.51623197894654,-9008.96284886392,5163.301749663066,Holy Trinity School,24757.854883666907,Greater Sudbury
75,-81.02448215178858,46.45818111039996,-9019.726377619256,5156.858103254396,Robinson Playground,24072.645524266736,Greater Sudbury
76,-81.00211689404709,46.44960996040948,-9017.236654762217,5155.906705605453,Southridge Mall,24014.743520726573,Greater Sudbury
77,-80.9927331801393,46.49890726338276,-9016.192050346286,5161.378706235487,Collège Notre-Dame,23303.03958582032,Greater Sudbury
78,-80.93491960699251,46.497177021525225,-9009.756185570013,5161.1866493893,Adamsdale Playground,22780.546298240217,Greater Sudbury
79,-81.00621998991952,46.49169897361349,-9017.69341549783,5160.578586071098,Queen's Athletic Field,22482.359582712397,Greater Sudbury
80,-80.98199156037346,46.433674464366696,-9014.996282492333,5154.137865544703,Holy Cross Catholic School School,22235.688014405285,Greater Sudbury
81,-81.05389594262944,46.607246319511475,-9023.000750229452,5173.4043414657735,Blezard Park,21620.714239135996,Greater Sudbury
82,-80.91899435631203,46.523405807943554,-9007.983370739012,5164.098044681735,École publique Jean-Éthier-Blais,20986.249365951087,Greater Sudbury
83,-81.32886048025956,46.59200910096759,-9053.610077522975,5171.7130102074025,École séparée St-Étienne,20944.187187003416,Greater Sudbury
84,-80.93163477425716,46.52722925865748,-9009.390514705081,5164.5224477109805,Lansing Park,20920.00659905728,Greater Sudbury
85,-80.99386828344636,46.45076539306838,-9016.318411181532,5156.03495863059,R.L. Beattie Public School,20541.764075200535,Greater Sudbury
86,-80.96042327394706,46.51082292704696,-9012.59527927906,5162.701344902212,Rotary Park,20498.346788258437,Greater Sudbury
87,-80.9246982327501,46.531356065425555,-9008.618331967975,5164.980523262237,Cyril Varney Public School,20253.02437271971,Greater Sudbury
88,-81.00195790847283,46.46802096332196,-9017.218956329103,5157.950326928738,École séparée Saint-Denis,20118.464965306288,Greater Sudbury
89,-81.00781943966089,46.50638620379647,-9017.87146784249,5162.208868621407,St. David Catholic School,20026.764652575956,Greater Sudbury
90,-81.19851587212423,46.5849672245596,-9039.099985400742,5170.931361926116,École Alliance St-Joseph,19736.98640175191,Greater Sudbury
91,-81.11518497672122,46.55301970182135,-9029.823506793584,5167.38518690217,École séparée Sainte-Marie,19641.77158248326,Greater Sudbury
92,-80.98690545300433,46.48710512453213,-9015.543301933894,5160.068668823066,Grotto of Our Lady of Lourdes,19595.959872662555,Greater Sudbury
93,-80.8505839185849,46.494221554456026,-9000.36785240079,5160.858592544619,École séparée Notre-Dame-de-la-Merci,19522.229888626927,Greater Sudbury
94,-81.18952815075627,46.58209563917218,-9038.099463270339,5170.612615948112,St. Charles Catholic School,19209.428431212044,Greater Sudbury
95,-80.86358139617295,46.55730272058775,-9001.814744603369,5167.8606019852405,St. John Catholic School,19070.41666155494,Greater Sudbury
96,-80.99132861501678,46.50549928272717,-9016.035692752283,5162.110420382716,O'Connor Park,18704.383873921946,Greater Sudbury
97,-81.19025632886193,46.57832461303439,-9038.180524785239,5170.1940320468175,Chelmsford Public School,18582.599110797615,Greater Sudbury
98,-80.99513554750753,46.436700830852736,-9016.459484284085,5154.473792224654,Algonquin Road Public School,18518.515099826658,Greater Sudbury
99,-80.88308741166156,46.55094128567563,-9003.986173753578,5167.154482709994,École séparée Saint-Augustin,18433.016472364056,Greater Sudbury
100,-80.84901807853917,46.49426541868434,-9000.19354152106,5160.863461473962,St. Paul the Apostle Catholic School,17713.996988686686,Greater Sudbury
101,-80.9407168490085,46.51078860329956,-9010.401540348475,5162.697534966251,Westmount Playground,17680.201693962885,Greater Sudbury
102,-81.14876802102827,46.43544140143844,-9033.562004868889,5154.333995559667,École séparée Saint-Paul,17626.922463363106,Greater Sudbury
103,-80.92930608302756,46.51645354741856,-9009.13128246871,5163.32634376346,Grassy Hill Park,17441.125469630882,Greater Sudbury
104,-80.98704754486253,46.488293927484655,-9015.559119741642,5160.200625950797,École publique Jeanne-Sauvé,17310.611927471935,Greater Sudbury
105,-81.01259456539502,46.48658134199653,-9018.403039614339,5160.010528961615,Princess Anne Public School,17217.954446468062,Greater Sudbury
106,-80.86022805416142,46.55128635643172,-9001.441447217303,5167.192785563921,St. John's Cemetery,16959.338215123407,Greater Sudbury
107,-81.02521143237806,46.46098698705384,-9019.807561863758,5157.169555562977,École publique Hélène-Gravel,16496.54511419945,Greater Sudbury
108,-80.94031047306035,46.50952257009353,-9010.35630217155,5162.557005280381,Westmount Avenue Public School,16487.399799105107,Greater Sudbury
109,-80.93805391276639,46.49512008331373,-9010.105099623068,5160.958329247824,Adamsdale Public School,16471.54260078514,Greater Sudbury
110,-81.01360016861912,46.476869467068276,-9018.51498437085,5158.932510844578,St. Francis Catholic School,16087.122528129143,Greater Sudbury
111,-81.0126551183913,46.612448137843195,-9018.409780434436,5173.981743300595,Immaculate Conception Catholic School,15410.34116167028,Greater Sudbury
112,-80.99257772316358,46.4902244597944,-9016.174744720292,5160.414915037178,Memorial Park,15344.216867656754,Greater Sudbury
113,-81.06520465441554,46.47971860716269,-9024.259647334193,5159.248765395058,Diorite Playground,15179.791746110503,Greater Sudbury
114,-81.07375816058075,46.60885186184417,-9025.211832194009,5173.582556664704,Valley Family Golf,14944.665663980586,Greater Sudbury
115,-81.00359268141071,46.497290370712506,-9017.40094088732,5161.1992311490885,Lansdowne Public School,14253.039960526703,Greater Sudbury
116,-81.31596438773046,46.38029095971105,-9052.174471606542,5148.212296527926,R. H. Murray Public School,14195.936901682202,Greater Sudbury
117,-80.98132957193803,46.50704534451455,-9014.922589277714,5162.282033241116,Percy Park,13903.937118796879,Greater Sudbury
118,-80.95006273624941,46.52419208224884,-9011.441933862021,5164.185321129621,Carl A. Nesbitt Public School,13686.231522655418,Greater Sudbury
119,-80.99463249871214,46.4967759754154,-9016.403484389133,5161.14213327111,Marymount Academy Catholic School,13525.485876604955,Greater Sudbury
120,-80.93125099163676,46.488984005261855,-9009.347791639995,5160.277224584066,École séparée Saint-Pierre,13323.627691705487,Greater Sudbury
121,-81.1031358821149,46.546797717829804,-9028.482189532913,5166.6945466791085,École publique Franco-Nord,13262.709314385498,Greater Sudbury
122,-80.96620189126959,46.460744900989305,-9013.238560738022,5157.142684009813,Laurentian University  Community Track,12269.233657050096,Greater Sudbury
123,-81.1840695589118,46.570687554091755,-9037.49180736762,5169.346318504185,Place Bonaventure,12041.975288913882,Greater Sudbury
124,-81.335690999788,46.58542097736738,-9054.3704577874,5170.981728487779,Larchwood Public School,12018.857696013163,Greater Sudbury
125,-80.99501245588698,46.50343771806013,-9016.445781601795,5161.881586704674,École séparée St-Joseph,11997.743309764275,Greater Sudbury
126,-80.92413462473236,46.491397435719854,-9008.55559055983,5160.545115364904,Autumnwood Playground,11926.66527777493,Greater Sudbury
127,-81.36722657268864,46.57098529686973,-9057.88102929827,5169.37936795254,Maple Crest Cemetery,11868.737290092264,Greater Sudbury
128,-81.1306656070525,46.55506605754066,-9031.546826042691,5167.612332387013,Greater Sudbury Police,11690.048467269062,Greater Sudbury
129,-80.9971559501649,46.49255201750203,-9016.684397528306,5160.673273942725,Laurentian University School of Architecture,11678.811150359923,Greater Sudbury
130,-80.94532073745638,46.49958251973647,-9010.914049814382,5161.453659690748,Lowe's,11663.927936038222,Greater Sudbury
131,-80.91510153694799,46.486579721694326,-9007.550018194586,5160.01034910807,Dorset Tot Lot,10840.60725461845,Greater Sudbury
132,-80.99499842092392,46.48476892764859,-9016.444219215671,5159.809350968993,Alexander Public School,10753.282771746146,Greater Sudbury
133,-80.91202056976056,46.471480321762435,-9007.207041846315,5158.3343157156305,Camp Sudaca,10685.57690101574,Greater Sudbury
134,-80.9540368508872,46.49372944917683,-9011.884336277615,5160.803968858629,Bancroft Waterfront Park,10634.762331427344,Greater Sudbury
135,-80.92980634607503,46.4892265017936,-9009.186972251418,5160.30414169909,Grace Sprots Field,10550.63451101591,Greater Sudbury
136,-81.19482352602991,46.570583185116654,-9038.688949741176,5169.334733547948,École publique Pavillon-de-l'Avenir,10103.792828353002,Greater Sudbury
137,-81.0065593528157,46.50495858881571,-9017.731193714797,5162.050403358544,Victory Park,9828.41418497982,Greater Sudbury
138,-81.02692950786243,46.475087912209574,-9019.998819744755,5158.734758255263,Jean Hanson Public School,9806.526936900802,Greater Sudbury
139,-81.01034440715212,46.455063786474824,-9018.15254974858,5156.512080298706,Moonglo Playground,9674.832953606738,Greater Sudbury
140,-80.97983779634522,46.490579988345274,-9014.756523326947,5160.454378706326,St. Albert Adult Learning Centre,9514.839570075748,Greater Sudbury
141,-80.99952383792973,46.45691230320047,-9016.947993162175,5156.717265655252,Nepahwin Park,9311.315787839276,Greater Sudbury
142,-80.9772038099083,46.61691021842333,-9014.463305322803,5174.477034244989,Sunny Side Playground,9064.41309941336,Greater Sudbury
143,-81.01759761264354,46.44939439224077,-9018.959983837092,5155.882777538725,Saint Charles Lake Park,8781.685826316245,Greater Sudbury
144,-80.97390787975415,46.466671631424006,-9014.096399082111,5157.800551088065,Founders Square,8482.304261931406,Greater Sudbury
145,-80.97836807399453,46.5209283111465,-9014.592912365146,5163.823042537261,McLean Playground,8228.284947430413,Greater Sudbury
146,-81.00663205188606,46.488740825288836,-9017.739286648008,5160.25023160706,Montessori School of Sudbury,8161.250967372458,Greater Sudbury
147,-81.05425008415907,46.60956302584146,-9023.04017361867,5173.661495868402,Photo added by Carole B.  Blezard Valley Cemetery,7795.902891082022,Greater Sudbury
148,-80.90094487405878,46.491409814789506,-9005.974084325097,5160.5464894416355,Ridgemount Playground,7690.741354783145,Greater Sudbury
149,-81.00455401848036,46.43236225974874,-9017.507957891252,5153.992210832111,Gerry McCrory Countryside Sports Complex,7218.636701354569,Greater Sudbury
150,-81.00199453866531,46.50325757917291,-9017.223034038761,5161.861591288193,Antwerp Playground,7103.9674528959295,Greater Sudbury
151,-80.88736593917363,46.549134257044344,-9004.462463714748,5166.953902531922,Metcalfe Park,6750.563085523156,Greater Sudbury
152,-81.00901278702405,46.49022239088721,-9018.004312464303,5160.41468538848,Marguerite & Gerry Lougheed Park,6318.254986646354,Greater Sudbury
153,-80.9925329594098,46.48871972867582,-9016.169761574458,5160.247889883016,Sudbury Community Arena,6264.398000961168,Greater Sudbury
154,-80.9987720250229,46.593720171619545,-9016.864300597574,5171.90293904977,Laurentian Park,6131.195291112631,Greater Sudbury
155,-80.93719357392673,46.49752132578847,-9010.009325843097,5161.22486716252,Christian Horizons,6118.124026088355,Greater Sudbury
156,-80.901463122185,46.49294086346078,-9006.031776224758,5160.716435844147,Moonlight Inn & Suites,6092.1807912412705,Greater Sudbury
157,-81.00006485040933,46.487881843955826,-9017.008219212417,5160.1548846790965,Kelly Lake Building Supplies,6073.459874117757,Greater Sudbury
158,-80.92783334870364,46.518960915442165,-9008.967336211039,5163.60466161408,Tristin Day Feild,5950.833038246654,Greater Sudbury
159,-81.05349636486733,46.60721579970764,-9022.956268833395,5173.400953767548,blezard baseball field,5923.738527367678,Greater Sudbury
160,-80.99301257540998,46.50782889542839,-9016.223152907214,5162.369007392551,Ryan Heights Playground,5799.5149413125155,Greater Sudbury
161,-80.84491447566158,46.487381747179164,-8999.736724345123,5160.099373936887,Toe Blake Memorial Arena,5419.792815138071,Greater Sudbury
162,-80.94756314288848,46.50210909131329,-9011.163676629489,5161.734109135775,SilverCity Sudbury Cinemas,5267.210973485945,Greater Sudbury
163,-81.00546797584441,46.45601948144493,-9017.609700538975,5156.618162440388,Holiday Inn,4688.28128323695,Greater Sudbury
164,-81.00114342366273,46.49074269288651,-9017.128287065558,5160.472438910403,Chris' Independent Grocer,4581.102590426056,Greater Sudbury
165,-80.99382277101613,46.49458768893144,-9016.313344692286,5160.899233471389,Radisson Hotel Sudbury,4518.328221067913,Greater Sudbury
166,-81.01564867762306,46.47445248496713,-9018.743026441676,5158.664225831351,Fraser Tot Lot,4487.914570838707,Greater Sudbury
167,-80.91111645446894,46.48986705578113,-9007.106394827937,5160.3752431917055,East End Playground,4312.183751890594,Greater Sudbury
168,-80.98776084359147,46.51172706313913,-9015.638524869446,5162.801704008444,Leon's,4304.551061993336,Greater Sudbury
169,-80.99034262487692,46.49348937610867,-9015.925931343923,5160.777320748062,Hnatyshyn Park,4273.784763865642,Greater Sudbury
170,-80.99739771672277,46.488682644757866,-9016.711311223296,5160.243773568123,Lexington Hotel - Sudbury,4266.446926761845,Greater Sudbury
171,-80.99507378737938,46.50394205058879,-9016.45260908486,5161.937567615356,Better Beginnings Better Futures,4227.7574350072755,Greater Sudbury
172,-80.99104181259955,46.43607314347746,-9016.003765620395,5154.404118925998,McFarlane Cemetery,4156.291647564364,Greater Sudbury
173,-80.9921053829731,46.48763008482837,-9016.122163337948,5160.126939415949,Farmers Market,4104.545773444491,Greater Sudbury
174,-80.9973355679276,46.49231706955088,-9016.704392757269,5160.647194720147,McEwen Park,3741.5955989268573,Greater Sudbury
175,-81.00296658171672,46.492553900990245,-9017.331242843287,5160.673483009918,Sudbury Jail,3736.9452231224395,Greater Sudbury
176,-81.00515794064692,46.4921033142923,-9017.575187110757,5160.623467886446,Sudbury Tennis Club,3733.822524411922,Greater Sudbury
177,-80.98829445085825,46.4533823913515,-9015.697926563991,5156.325445440016,Stewart Park,3691.530391701462,Greater Sudbury
178,-80.86044979863837,46.557330647179015,-9001.466132034222,5167.863701836871,Garson Arena,3576.799193612069,Greater Sudbury
179,-80.96654899704198,46.462440385899995,-9013.27720089971,5157.330882834899,Laurentian University Practice Track,3416.152236768797,Greater Sudbury
180,-80.93970311134592,46.50525864508039,-9010.28869005814,5162.083709603923,Cambrian Ford,3337.5489445468857,Greater Sudbury
181,-81.33970897787695,46.58547204966056,-9054.81774312624,5170.987397512322,Dowling Leisure Centre,3271.791119497794,Greater Sudbury
182,-81.12174173328357,46.552031100121255,-9030.55341149086,5167.275452113459,Dr. Edgar Leclair Arena,3265.0037842559605,Greater Sudbury
183,-81.41003016814291,46.62430973694351,-9062.645968347837,5175.298380800729,Onaping Tot Lot,3222.2109670562013,Greater Sudbury
184,-80.81460498523406,46.57697475547795,-8996.36264156124,5170.044197858052,Hockey Arena,3220.5699908783095,Greater Sudbury
185,-81.05308399162794,46.60777891767168,-9022.910363032013,5173.463459861557,Blezard Playgound,3167.2514299121663,Greater Sudbury
186,-81.00439942730446,46.464280300615094,-9017.49074864696,5157.535113368275,DJ Hancock Memorial Park,3087.6714646859828,Greater Sudbury
187,-80.97336416427342,46.49685282708762,-9014.03587213108,5161.150663806726,Laking Toyota,2994.4221708634986,Greater Sudbury
188,-81.06503576518965,46.47442786244044,-9024.240846416677,5158.661492730889,McClelland Arena,2970.952047952486,Greater Sudbury
189,-80.93581127383769,46.50662499681803,-9009.855446814885,5162.235374646802,Crosstown,2940.4746915836176,Greater Sudbury
190,-80.95299134943669,46.494663514198415,-9011.76795001064,5160.907650076024,Carmichael Arena,2917.1455738893565,Greater Sudbury
191,-80.99186106499452,46.51033333224768,-9016.094965616256,5162.646999879493,Cambrian Arena,2891.7504640629777,Greater Sudbury
192,-80.98219421428118,46.45263435525338,-9015.018842127995,5156.242413433125,Oriole Park,2792.121844208012,Greater Sudbury
193,-81.00172304090141,46.49268290556298,-9017.192810636187,5160.687802517491,District of Sudbury,2736.036771699437,Greater Sudbury
194,-81.00867794998265,46.4590530323241,-9017.967038070019,5156.954886587975,Taphouse;Canada's Best Value inn - Sudbury,2700.0754798596545,Greater Sudbury
195,-81.01885635000397,46.6148775446503,-9019.100107738792,5174.251407456183,Arena,2690.7643747190796,Greater Sudbury
196,-81.00245338932419,46.49494718013922,-9017.274113752957,5160.939136995454,Evans' Home Hardware,2676.2161831173307,Greater Sudbury
197,-80.99202550736965,46.4765052697285,-9016.113271505896,5158.892084939864,Grace Hartman Amphitheatre,2605.544274155465,Greater Sudbury
198,-81.1927213763564,46.57477567270134,-9038.454936337372,5169.800099669849,Chelmsford Community Centre,2595.2985278735455,Greater Sudbury
199,-80.99574646150866,46.47191376927676,-9016.527491841605,5158.38242838972,Science North,2530.8659898952305,Greater Sudbury
200,-80.98994030638109,46.48992172342629,-9015.88114484665,5160.381311300318,Greater Sudbury City Hall,2522.076321218251,Greater Sudbury
201,-80.9803512785871,46.49762152012283,-9014.813684683593,5161.235988733634,Sunrise Ridge Neighbourhood Playground,2512.742147929131,Greater Sudbury
202,-81.1894430528886,46.56827313860863,-9038.089990090612,5169.078318385558,Belanger Ford Lincoln,2511.11115891054,Greater Sudbury
203,-81.02853503187833,46.4729163574854,-9020.177548283727,5158.49371568088,Four Sisters Motel,2496.385038519166,Greater Sudbury
204,-81.03564309499993,46.61637459752496,-9020.968824978487,5174.41758032527,Flake Playground,2431.496600918711,Greater Sudbury
205,-80.9198424026354,46.498132826205826,-9008.077776103775,5161.2927437088465,Mid North Mitsubishi,2418.459939237311,Greater Sudbury
206,-80.93139204549443,46.511671962200445,-9009.363493896486,5162.795587804249,Summerhill Park,2355.937215376365,Greater Sudbury
207,-80.97261691659618,46.49057527028226,-9013.952687772404,5160.45385500133,Lonsdale Playground,2351.0030923683967,Greater Sudbury
208,-81.14137925232357,46.41931210109948,-9032.739479747912,5152.543643222042,Red Carpet Inn & Suites,2282.817838926411,Greater Sudbury
209,-80.9265723265522,46.51431575396569,-9008.826957964118,5163.089048690192,Leisure Days,2273.8108412138317,Greater Sudbury
210,-80.98715023393463,46.44338472623304,-9015.570551191837,5155.215704611867,Doyle Chrysler Dodge Jeep Ram,2235.0637487277813,Greater Sudbury
211,-81.00063841533222,46.45178631398737,-9017.072069033198,5156.148280852598,Super 8 Sudbury,2190.5467207381066,Greater Sudbury
212,-80.9384985206322,46.50652480399102,-9010.154593815296,5162.224253243004,Ambassador Hotel - Sudbury,2189.173500920827,Greater Sudbury
213,-81.00399193068233,46.49032966818192,-9017.445385715488,5160.426593168193,Sudbury Steam Cleaners,2131.0826105498218,Greater Sudbury
214,-81.06476119323423,46.474103329765796,-9024.210280792027,5158.625469604003,Copper Cliff Curling Rink,2039.0530412254436,Greater Sudbury
215,-80.9640535876135,46.49822051602405,-9012.999409426722,5161.302477278669,Eyre Playground,2038.963995700864,Greater Sudbury
216,-80.95943138251258,46.50194649025565,-9012.484860932682,5161.716060418377,Sudbury Hyundai,2026.0233041164977,Greater Sudbury
217,-80.94369662489304,46.51408340768559,-9010.733251979718,5163.063258253101,McQueen's,1997.453742321503,Greater Sudbury
218,-80.9877148686236,46.5066015839814,-9015.633406890047,5162.232775821935,Flour Mill Museum,1975.1337950500551,Greater Sudbury
219,-80.98659048586882,46.442434864062555,-9015.508239477402,5155.110269910943,Southside Chevrolet Buick GMC,1942.0475454857685,Greater Sudbury
220,-80.99409712585643,46.48723415781223,-9016.343886147462,5160.082991517158,Worthington Park,1927.05180278859,Greater Sudbury
221,-80.94878998177327,46.522445177206166,-9011.300249560982,5163.991414669885,Dr. Mark Reich Dentistry,1911.5138087882344,Greater Sudbury
222,-80.95998085623866,46.5007509490603,-9012.546028897343,5161.583355345693,Palladino BMW,1906.6180184700154,Greater Sudbury
223,-80.97433340003836,46.48925649567211,-9014.14376842567,5160.307471019604,Sudbury Curling Club,1859.3948812372676,Greater Sudbury
224,-80.868132938706,46.55884340069592,-9002.32142686969,5168.031617477247,Ravine Park,1834.872761038389,Greater Sudbury
225,-80.99982064945402,46.4928487290826,-9016.98103451787,5160.706208928169,Clarion Hotel,1824.797887579529,Greater Sudbury
226,-81.19113886351882,46.56984344658554,-9038.278769425779,5169.252622570994,I.D.A.,1771.9199149425435,Greater Sudbury
227,-80.99000506382444,46.48903002673082,-9015.888353710001,5160.282332967121,Sudbury Theatre Centre,1735.8704121778471,Greater Sudbury
228,-81.19852317655182,46.56831477617706,-9039.100798536925,5169.082940155654,Northland Motel,1719.538595747922,Greater Sudbury
229,-80.99563076698522,46.49338464493683,-9016.514612611561,5160.765695587988,Everest College,1709.8253837022253,Greater Sudbury
230,-80.96526046759585,46.50053490193336,-9013.133760513238,5161.559374114602,Palladino Honda,1701.4351838220587,Greater Sudbury
231,-81.20281971003888,46.569315889363246,-9039.579092941238,5169.19406371932,Greater Sudbury Fire Station 11,1696.8756144951658,Greater Sudbury
232,-80.9464037146713,46.51907235360787,-9011.034607920925,5163.617031250474,Sport Chek,1668.633674780439,Greater Sudbury
233,-80.94639633545317,46.506141842643075,-9011.033786458982,5162.181744533381,Hilton Garden Inn Sudbury,1626.8682081194588,Greater Sudbury
234,-80.94265076760993,46.50676392837573,-9010.616826101104,5162.250796049706,Fairfield Inn & Suites Sudbury,1622.1162679568315,Greater Sudbury
235,-80.85573632208944,46.54369409182761,-9000.941423111319,5166.3500441928645,Thomas Tot Lot,1598.899639799261,Greater Sudbury
236,-80.99750382070735,46.49552686804124,-9016.723122824962,5161.0034823525775,Main Branch,1572.043364952933,Greater Sudbury
237,-80.99094033856568,46.44835568706632,-9015.99246942947,5155.767481264361,Hampton Inn Sudbury,1540.38356478383,Greater Sudbury
238,-80.78600766822034,46.49101146961111,-8993.179159633955,5160.502273126833,"Wahnapitae Protestant Cemetery,",1516.1798260825715,Greater Sudbury
239,-81.19499519623227,46.56532567774866,-9038.708060239773,5168.751150230101,Marquis Tot Lot,1493.7199727989835,Greater Sudbury
240,-80.9887038712279,46.48642657117329,-9015.74350364896,5159.993349400235,Quality Inn & Conference Centre Downtown,1479.5582198383197,Greater Sudbury
241,-80.96437765014292,46.50084869561101,-9013.03548439156,5161.594205212822,Northern Nissan,1471.7430476152854,Greater Sudbury
242,-81.41450678189833,46.62518694676972,-9063.144309467703,5175.39575109144,Gill Loop Tot Lot,1467.9465698661181,Greater Sudbury
243,-81.0981346336884,46.5479200338077,-9027.925445556826,5166.819123752654,Valley Inn Motel & Suites,1400.113413746449,Greater Sudbury
244,-81.02699186194876,46.47504952778425,-9020.005761063998,5158.730497584052,Gatchell Pool,1394.4702437405967,Greater Sudbury
245,-81.01246169601241,46.50064274572418,-9018.388248461797,5161.571344775384,Little Britain Tot Lot,1331.160959003049,Greater Sudbury
246,-81.00110434742828,46.49339436423372,-9017.123937060063,5160.766774429943,Roy Furniture,1269.327494968217,Greater Sudbury
247,-81.14527196820471,46.43781183055797,-9033.172820772517,5154.597113191934,Kinsmen Hall,1268.2575642711752,Greater Sudbury
248,-80.84726319998697,46.57272519551704,-8999.998186685749,5169.572496702391,Good Shepherd Cemetery,1261.7302193009589,Greater Sudbury
249,-80.9382028273425,46.521625854802565,-9010.121676942594,5163.900469883085,New Sudbury Volkswagen,1255.0708006737384,Greater Sudbury
250,-80.98359583522193,46.51520374215258,-9015.17487197274,5163.187615378936,Furniture Mart,1208.593766646905,Greater Sudbury
251,-80.99104669029681,46.48990389499332,-9016.00430861053,5160.379332344259,Greater Sudbury Police Services,1184.086283690937,Greater Sudbury
252,-80.99119922585956,46.4490386428464,-9016.021289021912,5155.843289355951,Homewood Suites Sudbury,1180.6392167083225,Greater Sudbury
253,-81.00781250310636,46.47579688642801,-9017.870695658303,5158.813454393508,Knights Inn Sudbury,1164.2491060858754,Greater Sudbury
254,-81.0224086234463,46.614024454370494,-9019.495550370664,5174.156714435125,Rebecca Park,1139.3583369389175,Greater Sudbury
255,-80.93547358859658,46.50494139999814,-9009.81785535616,5162.048495399793,TownePlace Suites Sudbury by Marriott,1118.4785740734792,Greater Sudbury
256,-81.00788425572243,46.49080701882644,-9017.878683231276,5160.479579089734,The Marguerite Lougheed Community Centre,1115.657018930412,Greater Sudbury
257,-81.03176644341582,46.471611906512955,-9020.537272247493,5158.348921622938,Econo Lodge,1092.377297654634,Greater Sudbury
258,-80.97701187175224,46.61713504413783,-9014.441938575332,5174.5019898993,Sunny Side Baseball Diamond,1070.013807994569,Greater Sudbury
259,-80.99236144335809,46.449203008271596,-9016.150668236067,5155.861533918147,Tutti Frutti,1063.1062766306507,Greater Sudbury
260,-80.9828674817943,46.492164233513705,-9015.093790940824,5160.6302299200215,Sudbury Water Tower,1056.740849279003,Greater Sudbury
261,-81.0155826892518,46.47923643062247,-9018.7356805502,5159.195243799094,Byng Tot Lot,1049.8082215122602,Greater Sudbury
262,-80.90300069154041,46.493032803531065,-9006.20293998297,5160.726641191948,Chateau Guay Motel,1018.4050389485644,Greater Sudbury
263,-80.9589636499991,46.521466545689265,-9012.43279248155,5163.882786571508,Smith's,985.6374202942923,Greater Sudbury
264,-80.895219302044,46.54571512600746,-9005.33670792284,5166.5743789868275,Cedar Green Park,973.7279778377954,Greater Sudbury
265,-81.00488993756748,46.44905401295285,-9017.54535273995,5155.844995437767,Subaru of Sudbury,953.6872413156136,Greater Sudbury
266,-80.99848591650961,46.450093061221565,-9016.832450711767,5155.960329795594,Greater Sudbury Public Library - South End Branch,920.4990712639913,Greater Sudbury
267,-80.9465514000229,46.50555514572464,-9011.051048401949,5162.116621175435,The Keg,913.6870291087835,Greater Sudbury
268,-80.96712259067478,46.50019711124111,-9013.341053916507,5161.5218793477625,Palladino Mazda,905.0048972684973,Greater Sudbury
269,-80.99153924515728,46.49106916963104,-9016.059140310153,5160.508677829045,Best Western,894.3624441425335,Greater Sudbury
270,-80.99576706581375,46.49285038307303,-9016.529785533452,5160.706392521107,Querney's,853.1560061629922,Greater Sudbury
271,-81.18753915594135,46.56495746892068,-9037.878046378548,5168.710279050196,Shirley Street Playground,850.0825845147272,Greater Sudbury
272,-81.00800772281194,46.49237621781766,-9017.892427711147,5160.65376017776,Theatre Cambrian,846.2720326297643,Greater Sudbury
273,-80.99002990836097,46.487438575605374,-9015.89111942865,5160.105681892196,Sudbury Fire Department,828.4800320293399,Greater Sudbury
274,-80.94674254999812,46.522588745694335,-9011.072327408341,5164.007350772071,Greater Sudbury Public Library - New Sudbury Branch,812.492612481783,Greater Sudbury
275,-80.93681553882585,46.50580345978782,-9009.967242597633,5162.144184036448,MIC,806.4723536207338,Greater Sudbury
276,-81.01127352327116,46.610237788624275,-9018.255979884068,5173.7363945372945,Leo Gerard's Worker Memorial Park,795.6064129407534,Greater Sudbury
277,-81.06554822324702,46.47339137592558,-9024.297893760082,5158.546442727739,RG Dow Pool,769.4805462187084,Greater Sudbury
278,-80.9616223114607,46.50160102219514,-9012.728757334116,5161.67771346366,Kia,768.1537786420172,Greater Sudbury
279,-80.94456489499385,46.501618577386495,-9010.82990867561,5161.679662089901,Milestones,759.2631902749175,Greater Sudbury
280,-80.96189315003001,46.500335295688835,-9012.75890735449,5161.537217821461,Kings Buffet,758.2967768040766,Greater Sudbury
281,-80.91743213091092,46.52130331272765,-9007.809462245135,5163.86466771277,The Car Lot,755.4117004290225,Greater Sudbury
282,-81.00482084333849,46.449424444730084,-9017.537661101283,5155.886113365039,Mercedes-Benz of Sudbury,746.3121325238615,Greater Sudbury
283,-80.97458148383721,46.496674195395684,-9014.171385362242,5161.130835688921,Laking Pre-Owned,736.0967781630901,Greater Sudbury
284,-80.92537687499868,46.517469452959354,-9008.693879101727,5163.439109278488,Solid Gold Vip Lounge,730.7562058121632,Greater Sudbury
285,-80.9266859433785,46.51837606960472,-9008.839605902838,5163.539743726124,Nickel District Pool,702.3273158236434,Greater Sudbury
286,-81.06558686407446,46.47449660510809,-9024.302195295633,5158.669123166997,McClelland Squash & Fitness Centre,693.7531072373591,Greater Sudbury
287,-80.93813688109735,46.5224071739062,-9010.114335740638,5163.9871963035885,Red Lobster,686.624094400585,Greater Sudbury
288,-81.00486184882851,46.45174895365622,-9017.542225873438,5156.144133855841,House Of Kin,681.2449253495367,Greater Sudbury
289,-81.00488698382443,46.44250782450771,-9017.54502392632,5155.118368520356,Northern Credit Union,663.2939034001784,Greater Sudbury
290,-81.00370385000082,46.500130245679586,-9017.413316285942,5161.514457270434,Donovan Variety,653.3088877438676,Greater Sudbury
291,-81.07067627418809,46.477567531821755,-9024.868753518893,5159.009996032215,Bryston's on The Park,646.2102671963337,Greater Sudbury
292,-80.93868650588963,46.521678999090014,-9010.17552052214,5163.906368898992,Audi Sudbury,639.8466661231398,Greater Sudbury
293,-80.99092270216386,46.48364628607872,-9015.990506127582,5159.684737754737,Maple Tree Preschool,637.0320350352863,Greater Sudbury
294,-80.99078145000139,46.488725845767966,-9015.974781795605,5160.248568880244,Wacky Wings,626.5925268613753,Greater Sudbury
295,-81.03196321211612,46.47179040836422,-9020.559176735978,5158.368735328429,Venetian Room,607.1378352665259,Greater Sudbury
296,-81.01053823181493,46.61006813727333,-9018.17412650387,5173.71756323734,City Of Lakes Family Health Team,607.0091269162975,Greater Sudbury
297,-81.05280722219084,46.60724652518636,-9022.879552781505,5173.404364295686,Blezard Outdoor Rink,574.9674852319297,Greater Sudbury
298,-81.007176212116,46.45741634944261,-9017.799863108965,5156.77321478813,Di Gusto,558.8752680694334,Greater Sudbury
299,-80.93399809997248,46.48804519573941,-9009.653602487037,5160.173016727074,Minnow Lake Emergency Services,557.9014314180913,Greater Sudbury
300,-80.9775165245729,46.61662248598273,-9014.49811703198,5174.445095944083,Sunny Side outdoor rink,545.0708543200489,Greater Sudbury
301,-80.96217221874568,46.50120013650175,-9012.789973562987,5161.6332151516945,Lot 88 Steakhouse & Bar,510.41771782817966,Greater Sudbury
302,-81.00677995,46.486933495817944,-9017.755750813949,5160.049618035791,Lougheed Flowers,507.29172317166825,Greater Sudbury
303,-81.06853812339622,46.47749717115508,-9024.63073243459,5159.0021859982135,Copper Kettle Guest House,496.6352844622127,Greater Sudbury
304,-81.00495051498126,46.48764618002027,-9017.552096278228,5160.12872598225,Nickel City Inn,492.4925428952493,Greater Sudbury
305,-80.94467087902717,46.514295312751464,-9010.841706924184,5163.086779715412,Akfit,489.71147499706984,Greater Sudbury
306,-80.86171995857511,46.557841150485096,-9001.607527508539,5167.920367703846,Ferrigan's Pub,487.1274815152476,Greater Sudbury
307,-80.81343342270081,46.578635065978254,-8996.232222048477,5170.228492323587,ODR,462.264513653291,Greater Sudbury
308,-81.00444265000048,46.50010524563704,-9017.495560240704,5161.511682265711,Frood Hotel,458.2121120971945,Greater Sudbury
309,-80.98728769961741,46.504989247435745,-9015.58585400911,5162.053806465367,Desjardins Caisse Populaire,436.4381531851736,Greater Sudbury
310,-80.95031001457725,46.52301877736794,-9011.469461132754,5164.055084287841,Greater Sudbuy Fire Station 3,433.19212879735585,Greater Sudbury
311,-81.01706183519347,46.449568917717976,-9018.900340555572,5155.902149866695,Brenda Tot Lot,423.1339555055751,Greater Sudbury
312,-81.0067399499975,46.611700095807855,-9017.751297973671,5173.898710634672,M&M Food Market,422.1861712387821,Greater Sudbury
313,-80.95870788441076,46.50070756141854,-9012.40432040049,5161.578539317457,Laurentian Used Cars,419.51273037069416,Greater Sudbury
314,-81.00550712723552,46.455309760146406,-9017.614058910985,5156.539383376251,Wonderful Sushi,417.52537714583883,Greater Sudbury
315,-80.94267001652743,46.521673528947865,-9010.61896890985,5163.905761713213,Pat & Mario's Kouzzina,415.47668969977315,Greater Sudbury
316,-80.94467632510545,46.51394949958334,-9010.842313187064,5163.048394453751,Mister Prime Rib,414.5321573004767,Greater Sudbury
317,-80.98723522456672,46.5038865183711,-9015.580012433991,5161.931403539192,National Tavern,414.1204356750274,Greater Sudbury
318,-80.99095110000073,46.48936709579271,-9015.993667403181,5160.319747632991,Golden Grain Bakery,409.6657457510738,Greater Sudbury
319,-80.98486537764359,46.517845192973844,-9015.316198704662,5163.480816420097,Overtime,401.46160564938634,Greater Sudbury
320,-81.19430779495363,46.57578891253,-9038.631538042033,5169.91256929083,Chelmsford Youth Centre,400.4748286586741,Greater Sudbury
321,-80.99470800200409,46.491831887012516,-9016.411889491097,5160.593339458389,Respect is Burning,398.38942424784864,Greater Sudbury
322,-81.00370196173846,46.4896385574473,-9017.413106082686,5160.34987987665,Leather Works Plus,396.83824424048856,Greater Sudbury
323,-81.02228679270308,46.47583053919817,-9019.4819880505,5158.817189850997,Canadiana Motel,393.03656009890346,Greater Sudbury
324,-80.95385873861778,46.52182107582221,-9011.864508641669,5163.922139416265,Skater's Edge,388.7105304373512,Greater Sudbury
325,-80.99587536992428,46.49384762410267,-9016.54184205534,5160.817086275397,Coyote,386.8104255456954,Greater Sudbury
326,-80.93995654999887,46.51059659576966,-9010.316903102424,5162.6762221304325,Westmount Community Centre,382.09297996417513,Greater Sudbury
327,-80.99229990285359,46.44878073045028,-9016.143817485565,5155.814661079981,Shoeless Joe's,377.82977334492404,Greater Sudbury
328,-80.98729910808777,46.5047099695506,-9015.587124011437,5162.022806620117,Rita's,377.09769693022906,Greater Sudbury
329,-81.00752735171321,46.487170028524886,-9017.838952320066,5160.075873166263,Northfast,376.300329084321,Greater Sudbury
330,-81.00442094023806,46.449855445712885,-9017.493143488242,5155.933954474131,Greater Sudbury Fire Station 4,374.68807762162714,Greater Sudbury
331,-80.98714656846228,46.50800819796293,-9015.57014314779,5162.388909973885,Notre Dame Boys,374.6021744829519,Greater Sudbury
332,-80.94323867543366,46.5196949708854,-9010.68227258795,5163.686141768279,Sudbury Credit Union,374.5843227737164,Greater Sudbury
333,-81.18538261064286,46.56935987738123,-9037.637977599374,5169.198946389317,Rayside Dental,374.1747670722253,Greater Sudbury
334,-81.19658072903601,46.58338069792586,-9038.884563337018,5170.75525746977,Talk of the Town Fashions,372.070904879736,Greater Sudbury
335,-80.99676273220591,46.49335936378358,-9016.640624111893,5160.762889379977,Fiorino's The Port,371.24438824017034,Greater Sudbury
336,-80.98947896247613,46.50241212636135,-9015.829787581804,5161.76774602611,Sunbeam,371.23269527599933,Greater Sudbury
337,-80.98566673701295,46.51069885323031,-9015.405406831018,5162.687572708564,Win Fortune,362.98399680793784,Greater Sudbury
338,-81.00786865000174,46.611461095804515,-9017.876945986844,5173.872181634301,Parthenon Restaurant & Bar,358.7367355281394,Greater Sudbury
339,-80.94463810000008,46.514551695758655,-9010.838057930108,5163.115238229211,Barrydowne Animal Hospital,358.0860791787194,Greater Sudbury
340,-81.06708499997416,46.47457324576075,-9024.468969282123,5158.677630279443,Greater Sudbury Public Library - Copper Cliff Branch,355.87009275664377,Greater Sudbury
341,-80.8658388576833,46.55789411848481,-9002.066047476163,5167.926247151814,Garson Library and Citizen Service Centre,353.42129261306724,Greater Sudbury
342,-80.9939079629931,46.48903566228232,-9016.322828348355,5160.282958513338,Little Montreal,352.53049027611803,Greater Sudbury
343,-81.03030824444788,46.47213099908153,-9020.374944080182,5158.40654089805,Imperial Fireside Inn,350.8126642537918,Greater Sudbury
344,-81.0019204027888,46.491684559114,-9017.214781158851,5160.576986061654,Shkagamik-Kwe,346.1287313217969,Greater Sudbury
345,-81.00520958407768,46.448660423302044,-9017.58093610911,5155.8013069865265,Long Du,344.941904846586,Greater Sudbury
346,-81.12018656957363,46.55178737239026,-9030.380289111506,5167.248398335319,Greater Sudbury Public Library - Azilda Branch,337.7989701413373,Greater Sudbury
347,-81.0679485500005,46.47710009571933,-9024.565100534604,5158.958110624845,Copper Cliff Fire Station,335.6718989579796,Greater Sudbury
348,-80.94344272297748,46.52120692094011,-9010.704987364576,5163.853968224352,Hakim Optical,335.6139082570694,Greater Sudbury
349,-80.96936373163767,46.49902789842631,-9013.590539969637,5161.392096725321,Apollo,324.6858534324078,Greater Sudbury
350,-81.19136695331713,46.56842462605679,-9038.304160610216,5169.095133492304,Chelmsford Animal Hospital,322.6282885192891,Greater Sudbury
351,-80.95212563889292,46.52180851582439,-9011.671578247198,5163.920745256507,New Sudbury Dental Clinic,314.3411721036531,Greater Sudbury
352,-80.98665175000032,46.49892149581439,-9015.515059461786,5161.380286035398,D'Aloisio Orthodontics,313.67714235670843,Greater Sudbury
353,-80.99036673332385,46.49196824034187,-9015.928615120345,5160.608474677947,The Hour Glass,308.00890466092494,Greater Sudbury
354,-81.02056378781467,46.476491302456914,-9019.290181423316,5158.890534572717,Beef 'n Bird,301.0566966576356,Greater Sudbury
355,-80.96327383141359,46.500901347304406,-9012.912606186792,5161.600049550789,Fremlin Car Wash,299.26079717445293,Greater Sudbury
356,-80.98729097416363,46.50479631921715,-9015.586218534869,5162.032391433104,Park Hotel,290.6291201364719,Greater Sudbury
357,-81.009285070931,46.46521363594445,-9018.03462338111,5157.638713589834,Tony V's Pizza & Restaurant,282.2800539709133,Greater Sudbury
358,-80.9549963000355,46.49063119580471,-9011.991143116253,5160.4600627343225,Plaza Hotel,281.955836016123,Greater Sudbury
359,-80.99411073384907,46.49157006040987,-9016.345401002813,5160.564276705496,Lifemark Physiotherapy,272.24593408113304,Greater Sudbury
360,-80.95928171234083,46.50103161988758,-9012.468199499493,5161.614509807521,Salute Coffee Company,260.84585630576066,Greater Sudbury
361,-81.00627304076494,46.45461630354722,-9017.699321170994,5156.462409693741,Deluxe Hamburgers,255.5676299931988,Greater Sudbury
362,-81.00649980215243,46.500184713333624,-9017.724564475411,5161.520503180032,Sweet Nothings,253.2869678942424,Greater Sudbury
363,-80.96806373107457,46.49959155071728,-9013.445822606951,5161.454662129618,Driving Forward,251.4670716824396,Greater Sudbury
364,-81.01755178022071,46.477951179165615,-9018.95488172595,5159.052580887384,Lewis Cleaners,247.26676975853195,Greater Sudbury
365,-81.02404360348376,46.477062530458035,-9019.677557983416,5158.953940880842,Kinder Kastle,243.76207694951003,Greater Sudbury
366,-81.00678898793198,46.48422841743616,-9017.756756925577,5159.749354335413,Country Style,243.7437706268611,Greater Sudbury
367,-80.94344162512657,46.521032547703754,-9010.704865150714,5163.834612795116,Jak's Diner,241.6853243413987,Greater Sudbury
368,-80.99215934767344,46.492461221103326,-9016.128170742355,5160.663195542469,City Surplus,240.29885558772548,Greater Sudbury
369,-80.93662230000045,46.49076609582885,-9009.94573105835,5160.475036637003,Northridge Savings,235.77868484246062,Greater Sudbury
370,-80.99401587435172,46.491551690425474,-9016.334841148708,5160.562237637228,Rosary Florist,233.59608855882735,Greater Sudbury
371,-80.95830885002744,46.502351795823884,-9012.359899493904,5161.761049336451,Enterprise,232.3268720810679,Greater Sudbury
372,-80.99694667298806,46.49422539542123,-9016.661100583704,5160.859018891757,Frenchy's Pizza,228.51291689910047,Greater Sudbury
373,-80.98722572000615,46.504430870859665,-9015.578954376804,5161.991826665423,Maria's,228.2091881482012,Greater Sudbury
374,-81.01461774999942,46.47118704579788,-9018.628262547685,5158.301762083565,The Wash,227.5182774334883,Greater Sudbury
375,-80.94383088326285,46.514958770969734,-9010.748197755704,5163.16042357764,Azian Cuisine,226.43518604544138,Greater Sudbury
376,-81.06634930000378,46.47338154581835,-9024.38707042572,5158.545351585837,Bruno's,225.25678246290497,Greater Sudbury
377,-81.14604754291804,46.43848277229503,-9033.25915852518,5154.671587724749,Greater Sudbury Fire Station 7,219.30599569309396,Greater Sudbury
378,-80.93608487514467,46.49082348285831,-9009.88590438598,5160.481406597272,Clubhouse,219.11188285330138,Greater Sudbury
379,-80.99485677518638,46.49096699073498,-9016.428451070522,5160.497335971583,Frank's Delicatessen,216.45028227939113,Greater Sudbury
380,-80.86311093567744,46.554143395666294,-9001.762372470548,5167.509916918959,Garson Laundromat,215.96138076076141,Greater Sudbury
381,-80.98722864999947,46.50701909583158,-9015.57928054659,5162.2791196373055,McSudz,214.80444754962463,Greater Sudbury
382,-81.03520374999675,46.469078795793116,-9020.919916653389,5158.067746333036,European Auto Sales,212.46535494940628,Greater Sudbury
383,-81.00238019411086,46.50014662057622,-9017.265965588615,5161.51627488396,Bella Vita Cucina,212.22690371366326,Greater Sudbury
384,-81.06745991749544,46.47751447994403,-9024.51070547551,5159.004107273787,Kwik-Way,211.25173465195374,Greater Sudbury
385,-80.9270289270545,46.51564773732237,-9008.877787188632,5163.2368988427825,Rivard Motors,209.40973975242116,Greater Sudbury
386,-81.00496108745759,46.500634920189846,-9017.553273216867,5161.5704761410725,Golded Pizza,209.40199167070523,Greater Sudbury
387,-80.93545150000763,46.487431995806226,-9009.81539643235,5160.104951534491,Lewis Carroll Junior Community Centre,208.49576134993896,Greater Sudbury
388,-80.92859790661717,46.52179594534695,-9009.05244756253,5163.9193499335115,Teklenburg's,205.65718488889422,Greater Sudbury
389,-81.00543522196173,46.49286620277541,-9017.606054344002,5160.708148508071,Dr. Charles H. Trottier,204.0733838416548,Greater Sudbury
390,-80.98393397083142,46.49917671186837,-9015.212513566923,5161.408615017389,M&M Variety,203.50273185669727,Greater Sudbury
391,-81.00729277040415,46.50260032078409,-9017.81283849416,5161.788635607034,Kathy's Confectionary,202.90798644076986,Greater Sudbury
392,-81.01477378919043,46.479122280429095,-9018.645632986467,5159.182573127629,Don's Pizzeria,202.4187092680388,Greater Sudbury
393,-80.95618785001133,46.50201199582084,-9012.123787651111,5161.723331536113,1st Rate,200.23562163072478,Greater Sudbury
394,-80.99664740612906,46.49294366216738,-9016.627785897692,5160.716746500579,La Casa Mexicana,196.23981118980743,Greater Sudbury
395,-81.0060642499995,46.50051369583742,-9017.676078374194,5161.557020237953,Kathleen Wash & Dry,195.5306341529763,Greater Sudbury
396,-80.86290733951836,46.55827344557069,-9001.739707942523,5167.968352458347,Garson Food Mart,185.06296815603693,Greater Sudbury
397,-80.93478879632012,46.5089848982878,-9009.741623595151,5162.497323709946,Churchill Convenience,182.86614559129367,Greater Sudbury
398,-80.96783668259523,46.498927361896875,-9013.420547343183,5161.380937170553,Local Jerky,182.55541200174997,Greater Sudbury
399,-80.98945345384004,46.50791077046925,-9015.826947934927,5162.378095522087,A & L Variety & Video,182.02546808406896,Greater Sudbury
400,-81.01464122000908,46.47336809676843,-9018.630875252631,5158.543858741296,Martindale Confectionery,179.98765617642385,Greater Sudbury
401,-81.00753275000132,46.485719495839966,-9017.839553262897,5159.914864038236,Jem Mart,177.4564687709525,Greater Sudbury
402,-81.19734190308931,46.578684481918486,-9038.969297993805,5170.233977492952,Chew's Restaurant,176.39856033928058,Greater Sudbury
403,-81.00693198352617,46.484639412569805,-9017.772675338118,5159.794974795248,Talk of the Town,174.89441966998197,Greater Sudbury
404,-81.00738479320563,46.49292749018362,-9017.823082564444,5160.714951410381,Unforgettable Weddings,174.36221176781973,Greater Sudbury
405,-80.94467389197217,46.51312281430951,-9010.842042328233,5162.9566323883555,Korner Konfectionary,174.28334842354428,Greater Sudbury
406,-80.97422889999966,46.52198829583511,-9014.132135376862,5163.940700837697,Rudy's,173.87703222292174,Greater Sudbury
407,-80.9072763307491,46.48574654328069,-9006.67890841532,5159.917866304157,Moonlight Beach Confectionery,173.02297437152654,Greater Sudbury
408,-80.93404111003478,46.5095631776174,-9009.658390410183,5162.5615127155315,Irene Hair Styling,168.01835471880506,Greater Sudbury
409,-80.96237510000783,46.49814454581914,-9012.812558507972,5161.294044585924,Bancroft Drive Nursery,166.36283780771134,Greater Sudbury
410,-80.98715408825954,46.5066670654353,-9015.570980259141,5162.240044263319,Lagace's,164.52792926650787,Greater Sudbury
411,-80.98783695270161,46.485799379916955,-9015.646997411695,5159.923731170782,Ramsey Lake Foodmart,164.18167931107803,Greater Sudbury
412,-81.01737795000167,46.47693794578012,-9018.935530772136,5158.940111981594,Ali Baba,164.02793096573797,Greater Sudbury
413,-80.96051588959568,46.50164016981623,-9012.605589345681,5161.682058849601,Napa Valley Wines,163.94975247074382,Greater Sudbury
414,-80.99384221572114,46.48892833470336,-9016.315509296293,5160.2710451520725,Ard's,163.60741355028864,Greater Sudbury
415,-81.00868790000025,46.49166689582109,-9017.968145715928,5160.575025436141,Pinto Foods,162.5528899818854,Greater Sudbury
416,-80.98899163083782,46.50410774792786,-9015.775537336496,5161.955960019993,Y & S,161.27087636128695,Greater Sudbury
417,-80.98869679999989,46.490303395835184,-9015.742716472787,5160.423676937706,Pasta e Vino,159.2084815076418,Greater Sudbury
418,-80.95701000000061,46.48857879581272,-9012.215310210067,5160.232246335212,Fat Tuesday's Pizza,158.85927186632685,Greater Sudbury
419,-80.94687164998987,46.49074709583143,-9011.086698948522,5160.472927637289,Minnow Lake Hair Salon,152.4443331257387,Greater Sudbury
420,-81.00691915000071,46.487536645837885,-9017.77124669723,5160.1165676880055,Herman's IDA,150.46747654484562,Greater Sudbury
421,-81.00500304202416,46.49337612149267,-9017.557943641172,5160.7647494856865,Parker House,147.89323686345568,Greater Sudbury
422,-80.96662055000445,46.49928029582041,-9013.285166247046,5161.4201128360655,Auto Depot,145.90277693432506,Greater Sudbury
423,-81.00545465000008,46.50018924580996,-9017.608217092658,5161.5210062849055,Beard's Coffee Bar and Bakery,145.1748093678139,Greater Sudbury
424,-80.93261509999758,46.5108822458257,-9009.49964554683,5162.707929286653,Gonga's Grill,145.06292698419588,Greater Sudbury
425,-80.97078546795444,46.49791604431185,-9013.748809078157,5161.268680918615,KC Auto Sales,144.83882810966543,Greater Sudbury
426,-80.93604392480755,46.491146992107986,-9009.881345753502,5160.517316123986,The Cedar Closet,142.9907128994583,Greater Sudbury
427,-80.9912973500002,46.48817029583945,-9016.032212299371,5160.186902838179,The Doghouse,141.20577984695348,Greater Sudbury
428,-81.00369735000012,46.492085195795156,-9017.412592699364,5160.621456733263,Natural Health Solutions,140.55277639841782,Greater Sudbury
429,-80.99065750000022,46.48817784584008,-9015.960983557525,5160.187740888248,Alexandria's,138.00843699866803,Greater Sudbury
430,-80.99416690001372,46.48912329575568,-9016.351653476428,5160.292685828881,Greg Taylor Jewelry,137.83930074329487,Greater Sudbury
431,-80.98862593390947,46.49082717415029,-9015.734827588736,5160.481816330682,Lougheed's Flowers & Gifts,137.10308210577907,Greater Sudbury
432,-81.00449975000076,46.489955445841225,-9017.501916669835,5160.385054488376,Axsys,134.55081218819348,Greater Sudbury
433,-80.99531584342733,46.49016047065995,-9016.479555006174,5160.407812243255,Village International,133.47043882063508,Greater Sudbury
434,-80.97171584769683,46.4976129111824,-9013.852379881459,5161.235033141246,Hertz,133.37084406259567,Greater Sudbury
435,-80.99545907992106,46.49292563530437,-9016.495500235893,5160.714745518785,Glow,129.57662079977933,Greater Sudbury
436,-80.94453163044653,46.515172515024524,-9010.826205632939,5163.184149167722,Crumbz,128.10772226443734,Greater Sudbury
437,-81.01728190000344,46.4629874958143,-9018.924838390283,5157.391612035388,Children's House Montessori Pre-School,127.55007916265474,Greater Sudbury
438,-81.02250026634239,46.47555838994892,-9019.505752149502,5158.78698128433,Manewaves,125.99060768929631,Greater Sudbury
439,-80.9979139946967,46.502311108442946,-9016.76878380363,5161.756533037167,Melvin Variety,125.83951019542886,Greater Sudbury
440,-81.04173830001078,46.450603845818144,-9021.6473492955,5156.017026885814,Southview Greenhouse Growers,125.52921640859465,Greater Sudbury
441,-80.99485439999951,46.491116845842384,-9016.428186662346,5160.513969888505,Jan Browning Cloud,124.95771180400962,Greater Sudbury
442,-80.95662515000026,46.50258454580271,-9012.172468323179,5161.786884584101,Thompson,124.7056688795263,Greater Sudbury
443,-80.99871905000002,46.48599909581504,-9016.858403365051,5159.94589963547,Douglas Variety & Video,123.30444694456095,Greater Sudbury
444,-81.00735330000053,46.477928345837334,-9017.819576709358,5159.050046387944,Regent-1 Confectionery,120.21456235082331,Greater Sudbury
445,-80.92373469535531,46.4890705979295,-9008.511070021648,5160.286836370175,Lynn's Hope,119.19297701988158,Greater Sudbury
446,-80.99484987896662,46.49118732088113,-9016.427683376443,5160.521792617806,La Boulangerie du Village,119.07774895212067,Greater Sudbury
447,-81.02787130000002,46.46034674576503,-9020.1036609873,5157.098488779919,Kelly Lake Variety,118.9314699032594,Greater Sudbury
448,-80.99531665000002,46.49297494584316,-9016.479644794652,5160.72021898859,Elm News,118.82037975862691,Greater Sudbury
449,-81.06567265000545,46.471271545822376,-9024.311745071256,5158.311141586284,Artizen Salon,117.99431443541462,Greater Sudbury
450,-81.02020628989904,46.47671995922217,-9019.25038439785,5158.915915473661,Ugo Barber,115.7358997440405,Greater Sudbury
451,-81.00923301372104,46.47527852062533,-9018.02882832044,5158.755915789412,Yorkshire,114.78706835958943,Greater Sudbury
452,-80.99431343885901,46.49238048680568,-9016.367966327223,5160.654234035431,Sixty Six,114.73617242699444,Greater Sudbury
453,-80.92385431850244,46.48910614460701,-9008.52438659001,5160.290782051377,Sue's Bancroft Confectionary,113.03528412781857,Greater Sudbury
454,-80.99162253474805,46.48818092066942,-9016.068412190687,5160.188082194306,Old Rock Roastery,112.75369757884843,Greater Sudbury
455,-80.99791114999978,46.49416484581864,-9016.768467129124,5160.852297885869,Kossa's African Cuisine,109.65451965906598,Greater Sudbury
456,-81.00370645,46.494227245824476,-9017.413605720449,5160.859224286517,Skin Science Medical Esthetics,109.07502850261736,Greater Sudbury
457,-80.98699765000009,46.50752484584611,-9015.55356539566,5162.335257888919,Leslie's,107.10573663964725,Greater Sudbury
458,-80.99532265765873,46.49332968425496,-9016.480313573227,5160.7595949523,Exclusive for Him,107.0197573907768,Greater Sudbury
459,-81.00509634489082,46.48756095133713,-9017.568330209591,5160.119265598421,Hazel Street Laundomat,106.79753641219833,Greater Sudbury
460,-81.03160562942675,46.47604295052257,-9020.519370273416,5158.840767508005,The Organic Salon,103.46770093240725,Greater Sudbury
461,-81.0052686894845,46.50057352052452,-9017.587515782103,5161.563660778222,Tuco's Tacos,100.2758531785968,Greater Sudbury
462,-81.00371323545636,46.49332424676496,-9017.414361084237,5160.7589913909105,Changing Times,97.07180150664752,Greater Sudbury
463,-80.97151570556052,46.498390114003875,-9013.830099858702,5161.32130265443,Mar Motors,95.12889550309664,Greater Sudbury
464,-81.0067535647694,46.49293277765365,-9017.752813583695,5160.715538319555,Hair Dimensions,93.72955324097279,Greater Sudbury
465,-80.98432470228941,46.52257732949209,-9015.256010183559,5164.006083573621,Esso,92.30503825638003,Greater Sudbury
466,-80.99864099999992,46.49329534583231,-9016.84971476099,5160.755783387386,Comics North,90.53604882246574,Greater Sudbury
467,-80.99485534189384,46.49105507267707,-9016.428291514963,5160.507113067155,Sentia Hair Salon,90.04264469513413,Greater Sudbury
468,-80.91912145000006,46.521729695820504,-9007.997518935457,5163.9119962360755,The Car Lot Etc,87.87394441250088,Greater Sudbury
469,-81.00531157527855,46.48724705739974,-9017.592289871583,5160.0844233713715,Epic,84.80727586043811,Greater Sudbury
470,-80.86170223666937,46.556174774364706,-9001.60555468827,5167.735399954482,Garson Dental,79.64629058657852,Greater Sudbury
471,-80.99035450000001,46.493467829164736,-9015.927253294501,5160.774929037286,Ukranian,79.08683289032686,Greater Sudbury
472,-80.92571118306228,46.50008919511493,-9008.731094609675,5161.5099006577575,Auto Land,77.04086616132336,Greater Sudbury
473,-80.93515504317503,46.49084352097266,-9009.782394561287,5160.4836308279655,Oops Express,75.98584274537548,Greater Sudbury
474,-80.99677222225905,46.494795717066914,-9016.6416805541,5160.922324594428,Sub City,75.52451459815417,Greater Sudbury
475,-80.9860384,46.50235814584644,-9015.446780726399,5161.761754188955,Ti-Coeur,74.01389237919796,Greater Sudbury
476,-80.99371915000516,46.48886374581146,-9016.301809497725,5160.263875785072,The Laughing Budda,71.59322577349447,Greater Sudbury
477,-80.98383930783235,46.485320217194264,-9015.201975587206,5159.870544108563,Sub's Ahoy,71.54917913983621,Greater Sudbury
478,-81.06701349999915,46.47369994583549,-9024.461009833405,5158.580693987739,Copper Cliff Museum,69.91626726671822,Greater Sudbury
479,-80.92783544111465,46.49998938353336,-9008.967569140324,5161.498821572203,Car Find,69.18504311319319,Greater Sudbury
480,-80.93348279315272,46.510257281552825,-9009.596238016553,5162.6385582523635,Snack Express,69.11836801141915,Greater Sudbury
481,-81.34083412499692,46.58648469954505,-9054.942995628782,5171.099801649501,Dowling Coin Laundry,67.86170556286714,Greater Sudbury
482,-80.94468870240497,46.51319850276781,-9010.843691040423,5162.965033807227,En Vogue,67.1216975742717,Greater Sudbury
483,-80.94468882048442,46.51324531234111,-9010.843704185145,5162.970229669863,Uptown Cleaners,66.61144645861657,Greater Sudbury
484,-81.00557878754891,46.502296202124434,-9017.622036208732,5161.754878435812,Nick's Auto Sales,63.462921947445,Greater Sudbury
485,-80.98369993450557,46.498791764672546,-9015.186460409093,5161.365885878653,The Cutting Corner,51.07419034114991,Greater Sudbury
486,-81.00632649584337,46.48391626448033,-9017.705271843779,5159.714705357316,The Auto Boss,48.287654792944366,Greater Sudbury
487,-80.99529271041541,46.493540818175646,-9016.476979816154,5160.783030817497,Gordon's,41.759489592566524,Greater Sudbury
488,-80.97888811843436,46.49513189321993,-9014.650804232231,5160.959640147412,Doc's Auto Sales,37.272850032238104,Greater Sudbury
489,-81.34056255000004,46.58649069587933,-9054.912763628554,5171.100467242605,Chip Stand,29.54478749559015,Greater Sudbury
490,-81.02161503386847,46.47603846692351,-9019.407207185272,5158.84026982851,Cundari Wholesale,27.724934849802054,Greater Sudbury
491,-81.40470587843211,46.62742451233147,-9062.053263092941,5175.644120868794,Snack Shack,17.44364542631429,Greater Sudbury
492,-79.39351240882702,46.257246585917564,-8838.165194863033,5134.554371036849,Pinewood Park Golf Course,304853.04532540875,North Bay
493,-79.49941422194308,46.33536458401983,-8849.954290600926,5143.225468826201,North Bay Regional Health Centre,252677.72243449278,North Bay
494,-79.40998200737353,46.25712032134963,-8839.998607042828,5134.540355669809,Steve Omischl Sports Complex,135678.42540414952,North Bay
495,-79.45122951105718,46.32318560825877,-8844.590320400395,5141.873602516724,Chippewa Secondary School,102494.78658091687,North Bay
496,-79.44634787400298,46.31433082350222,-8844.046891681886,5140.890721408746,Thomson Park,93018.24306036971,North Bay
497,-79.43349753892291,46.27691764718213,-8842.616379530436,5136.737858837217,West Ferris Secondary School,77053.86862341495,North Bay
498,-79.4585667637501,46.32300899382251,-8845.407110707425,5141.853998314299,St Joseph-Scollard Hall Secondary School,64016.37005505499,North Bay
499,-79.45090976441838,46.33533320364673,-8844.554725884818,5143.221985604787,Widdifield Secondary School,61916.056139341985,North Bay
500,-79.44036096054079,46.314657866945595,-8843.38042248836,5140.927023230961,Northgate Shopping Centre,54343.15116288999,North Bay
501,-79.46769425897338,46.319389031188734,-8846.423192603175,5141.45218246195,École secondaire catholique Algonquin,39999.73550596278,North Bay
502,-79.45415292494908,46.33532263231661,-8844.915757758257,5143.220812187144,Terrace Lawn Cemetary,37948.588126768904,North Bay
503,-79.45793532519545,46.29915311369923,-8845.336818336082,5139.205995620614,Lee Park,36058.89999133705,North Bay
504,-79.40545141543396,46.320517589778774,-8839.494257017524,5141.577452465444,Birchhaven Cove,33646.9423581243,North Bay
505,-79.42880282425637,46.32940396178247,-8842.093759199042,5142.563839757854,W. J. Fricker Senior Public School,33538.09545089986,North Bay
506,-79.43885213153031,46.28074178306661,-8843.212458134085,5137.162337920394,Silver Birches Elementary School,30296.10921510048,North Bay
507,-79.43844523868827,46.3287808181539,-8843.167162416017,5142.494670815083,École secondaire publique Odyssée,30260.705752009744,North Bay
508,-79.45231120752109,46.32621998698683,-8844.710735932455,5142.210418555538,École élémentaire catholique Saints-Anges,27481.44101856457,North Bay
509,-79.45422129270605,46.3230426660034,-8844.92336852533,5141.857735926378,Alliance French Immersion Public School,26716.66939198386,North Bay
510,-79.43349672163689,46.33722384564712,-8842.61628854934,5143.43184686683,Vincent Massey Public School,25885.5301148543,North Bay
511,-79.40686531673218,46.25861588173743,-8839.651653923942,5134.706362872855,Sunset Park Public School,24341.123949591303,North Bay
512,-79.43672509820811,46.32963147643494,-8842.975674657626,5142.589093884279,École publique Héritage,22933.83578568166,North Bay
513,-79.47312379477204,46.32245221950419,-8847.027613957818,5141.792196364965,St. Alexander School,22654.5055970013,North Bay
514,-79.44572102844423,46.33107483092757,-8843.977110607439,5142.74930623296,E. T. Carmichael Public School,21356.223858169215,North Bay
515,-79.44970643687638,46.28997454506763,-8844.420770259516,5138.187174502506,Ike Bowness Field,19378.75771786262,North Bay
516,-79.41697508918796,46.32237584846271,-8840.777083903493,5141.7837191793615,E. W. Norman Public School,19287.03602963469,North Bay
517,-79.45425757498634,46.313225427111945,-8844.927407505054,5140.768022409426,École Saint-Vincent,16461.528741062764,North Bay
518,-79.47170741565618,46.31410309043694,-8846.869941218261,5140.8654430385,Marathon Beach,16222.291522857147,North Bay
519,-79.48126811736543,46.32281442975202,-8847.934248093237,5141.832401702474,Rock Street Park,16071.648303959888,North Bay
520,-79.46019209661091,46.33199056740478,-8845.588044386823,5142.85095298193,St. Luke Separate School,15905.340221013877,North Bay
521,-79.44365038171763,46.288950578753905,-8843.746604143189,5138.073514241683,École Saint-Raymond,14960.713983330828,North Bay
522,-79.4792971330843,46.32982153729663,-8847.714836152078,5142.610190639926,Woodland Public School,14526.548367601114,North Bay
523,-79.44335025836314,46.28113971203572,-8843.713194111242,5137.206508035964,Our Lady of Fatima Separate School,14526.127511824328,North Bay
524,-79.46023205677595,46.32476552189998,-8845.592492792355,5142.048972930897,St. Hubert Catholic School,14259.253443616624,North Bay
525,-79.4442272862913,46.266118058285436,-8843.810825737233,5135.5391044696835,Sunset Park,13211.121342044502,North Bay
526,-79.41431890827918,46.32656844676793,-8840.481395188546,5142.249097591241,Olmsted Beach,10886.13491819658,North Bay
527,-79.45995802003067,46.31389137937511,-8845.561986747834,5140.841943110637,Third Ave Trail,10798.60259891591,North Bay
528,-79.4624120147621,46.316473152169586,-8845.835167895331,5141.128519890824,Mother St. Bride School,10587.435939935327,North Bay
529,-79.31233202873952,46.32525801349515,-8829.128113771312,5142.103639497962,Portage Park,7594.8535981707255,North Bay
530,-79.44652600951397,46.2841448739011,-8844.066721905105,5137.540081003022,Galaxy Cinemas North Bay,7174.235664303948,North Bay
531,-79.40665761154297,46.35824339053503,-8839.628531974575,5145.765016349388,22 Sport's Field,6975.94361557536,North Bay
532,-79.46046664590496,46.31251033715883,-8845.618607488786,5140.688647424629,Vimy Ridge Memorial,6956.810498486039,North Bay
533,-79.44539768777143,46.27434472020394,-8843.941116000404,5136.452263942638,Silver Beach Park,5774.930767534634,North Bay
534,-79.44597829765249,46.27585229657056,-8844.005750072973,5136.619604919332,Eva Wardlaw Conservation park,4753.806888646202,North Bay
535,-79.44856007989216,46.315902153504155,-8844.293156653675,5141.065139038961,YMCA of North Bay,4660.058276155487,North Bay
536,-79.42564616899472,46.317657225540465,-8841.74235717866,5141.259952034991,Pete Palangio Arena,4352.112162392915,North Bay
537,-79.4862673939283,46.3330532268978,-8848.490772559493,5142.968908185656,One Kids Place,4030.9185541570314,North Bay
538,-79.46840942610153,46.31602176056445,-8846.502805723048,5141.078415422654,Court House,3649.742290469416,North Bay
539,-79.46390227953982,46.32589342057163,-8846.001065660652,5142.1741696834515,Voyager Inn,3441.207321099522,North Bay
540,-79.40942613490185,46.32472776057467,-8839.936726763408,5142.044781423788,Pumphouse Playground,3426.484094423138,North Bay
541,-79.47802065284537,46.33174848853798,-8847.5727370954,5142.824082227716,North Bay Toyota,3260.814218578904,North Bay
542,-79.47596960784671,46.3204092093974,-8847.344412715103,5141.565422243111,Sweetman's Gardens,3231.7536947389863,North Bay
543,-79.38549899343236,46.30331360830707,-8837.273133447885,5139.667810522085,Elks Lodge #25 Family Park Conservation Area,3002.7920191107487,North Bay
544,-79.48039504680843,46.332087209174496,-8847.837057005761,5142.861680218369,Hopper Buick GMC,2515.974383882878,North Bay
545,-79.46069324409552,46.30917884109467,-8845.643832625958,5140.318851361509,North Bay City Hall,2295.632420265633,North Bay
546,-79.49014805401792,46.343644924472855,-8848.92277152133,5144.144586616487,Harris Learning Library,2257.221089734428,North Bay
547,-79.43420688510741,46.31197946520408,-8842.695344657042,5140.629720637653,OCP Construction Supplies,2223.700951971028,North Bay
548,-79.41533002115726,46.360538882325976,-8840.593953285248,5146.0198159381835,Ayr Mess,2167.9522436638936,North Bay
549,-79.4529248997598,46.315026981509305,-8844.77905276616,5140.967994947533,North Bay Police Service,1850.9539806442597,North Bay
550,-79.43037062992627,46.32326256047903,-8842.268288894022,5141.882144213172,Farquhar Chrysler Dodge Jeep Ram,1807.952993331208,North Bay
551,-79.4863792032307,46.33578621573307,-8848.503219282844,5143.272269946371,North Bay Police Headquarters,1622.228918818078,North Bay
552,-79.46000813406738,46.30877557600714,-8845.567565492514,5140.274088936793,North Bay Public Library,1545.156952975108,North Bay
553,-79.43158376580995,46.32434201499883,-8842.403336393729,5142.001963664869,North Bay Granite Club,1524.3948530071455,North Bay
554,-79.43142080488784,46.32310390570041,-8842.385195420919,5141.864533532746,Orchards,1499.8716056119051,North Bay
555,-79.46301666597877,46.315270377788124,-8845.902478273423,5140.995011934482,UNI,1417.7457808435565,North Bay
556,-79.48643726506724,46.335004195447304,-8848.50968278455,5143.185465694651,O.P.P. Station,1178.5524101020815,North Bay
557,-79.47896464778006,46.332001044144505,-8847.677823555525,5142.85211590004,Gold Fleet Subaru,1174.9143101462382,North Bay
558,-79.4190174573906,46.31891468115807,-8841.004442374178,5141.399529608546,Circle Lake playground,1160.6606766557268,North Bay
559,-79.43831360417211,46.30749977665265,-8843.152508730043,5140.132475208444,Holiday Inn Express Hotel & Suites,1159.349087669178,North Bay
560,-79.42907934838614,46.32448502095333,-8842.124542141693,5142.0178373258195,Neddy's North Bay Hyundai,1115.102111657567,North Bay
561,-79.45026621558222,46.28711596932126,-8844.483085384827,5137.869872594661,Mitubishi,988.7714026697055,North Bay
562,-79.45275059497926,46.31445461615202,-8844.759648983687,5140.904462392874,North Bay Fire Service,982.2742211768405,North Bay
563,-79.43506673815352,46.266120330968164,-8842.791064357989,5135.539356737466,Lakeshore Suites,791.3573862837293,North Bay
564,-79.41613792711163,46.36101415608665,-8840.683890183995,5146.072571325618,Unused Fire Hall,777.4300665563353,North Bay
565,-79.48337652536276,46.32213857812638,-8848.168958179907,5141.757382172028,Deals,755.3621515391011,North Bay
566,-79.44224911512711,46.2709731966686,-8843.590613745066,5136.078024830214,Super 8 Motel,754.9671281843346,North Bay
567,-79.49056438232182,46.3387792600324,-8848.969117604447,5143.604497863596,Nipissing University Monastery Hall,676.3502859529385,North Bay
568,-79.4630264362324,46.30982860186902,-8845.903565907827,5140.390974807461,The Capitol Centre,647.0775537599487,North Bay
569,-79.43361160232779,46.28351277423166,-8842.629077182732,5137.469917939714,North Bay Fire Station 3,600.2384625623397,North Bay
570,-79.48096545,46.33289144575419,-8847.90055485945,5142.950950478716,Lucky 13,587.6497032097071,North Bay
571,-79.47055147583579,46.33278678821349,-8846.741260841516,5142.939333491698,North Bay Fire Station 2,522.5501464214846,North Bay
572,-79.41407182985765,46.358645937532856,-8840.453890171582,5145.809699066147,32 Canadian Forces Health Services Center,507.6266213312398,North Bay
573,-79.41245608307244,46.358886080342856,-8840.274023623708,5145.836354918057,22 Wing Outdoor Rink,460.75779052394586,North Bay
574,-79.4653642148137,46.31143121382461,-8846.163809757276,5140.568864734532,Chicago Cafe,460.58657064294977,North Bay
575,-79.44119151160405,46.268438152305045,-8843.472880263274,5135.79663490586,Churchill's,372.35376695695254,North Bay
576,-79.44366382996907,46.312178415983404,-8843.748101215986,5140.651804174157,Burger World,369.6132723762511,North Bay
577,-79.46236368271018,46.31492387150538,-8845.82978752298,5140.956549737097,Dark Horse Comics,306.2821526211053,North Bay
578,-79.45890896606,46.316898086336344,-8845.445205010765,5141.175687583334,Golden China Restauraunt,286.72030501588983,North Bay
579,-79.45839018079343,46.31715839078755,-8845.387453316105,5141.2045813774175,Cassells Animal Hospital,203.86333731273675,North Bay
580,-79.47078108228249,46.310562649227435,-8846.766820860768,5140.4724540642455,The Boat,183.32355135376454,North Bay
581,-79.41383936746082,46.358757839551046,-8840.428012225106,5145.822120190166,22 Wing Family Medical Clinic,103.82537108385566,North Bay
582,-79.45680761063025,46.29778132008298,-8845.21128002297,5139.053726529211,CF-100 Mk 5M,90.74276460390304,North Bay
583,-79.91265773554457,46.23911551606388,-8895.956971778556,5132.541822283091,West Sandy Island Provincial Park,4710123.438313968,Sandy Island
584,-79.38332928559014,45.839184583443235,-8837.03159940118,5088.149488762199,South River Public School,19227.101309550362,South River
585,-79.38822741124346,45.77265893624572,-8837.576863647033,5080.765141923275,Sundridge Centennial Public School,14031.020958030396,Sundridge
586,-79.3922619290046,45.77008641596677,-8838.025990198721,5080.479592172312,Caswell Resort Hotel,815.0127211399011,Sundridge
587,-79.57884121507014,46.2667763288368,-8858.796182902823,5135.612172500884,Manitou Islands Provincial Park,27243691.679282308,Great Manitou Island
588,-80.43578967651257,46.25482069168169,-8954.192542579056,5134.285096776667,50B Island RdW,84.05596187137925,The Island
589,-80.4362508000001,46.254853995757465,-8954.24387530681,5134.288793529078,50C Island Rd W sleep Camp,44.54116243184407,The Island
